moisture,temperature,ph,npk,soil_type,crop
84,21,6.0,326,Clay,Rice
20,27,6.4,112,Sandy,Groundnut
81,23,6.6,235,Clay,Rice
25,29,5.5,140,Sandy,Groundnut
56,22,6.8,315,Black Soil,Cotton
42,24,5.4,216,Red Soil,Millets
49,27,6.0,234,Loamy,Maize
73,25,6.1,276,Alluvial,Rice
60,23,6.7,293,Alluvial,Sugarcane
65,28,6.4,235,Loamy,Maize
52,22,6.9,277,Loamy,Wheat
64,22,6.0,196,Loamy,Wheat
39,22,5.6,219,Red Soil,Millets
81,21,7.1,325,Clay,Rice
40,18,6.4,207,Loamy,Wheat
85,27,7.1,392,Clay,Rice
43,26,7.1,222,Loamy,Maize
62,32,7.5,335,Black Soil,Cotton
85,20,6.3,354,Clay,Rice
71,26,6.0,274,Alluvial,Rice
79,26,7.0,383,Clay,Rice
78,19,6.5,238,Alluvial,Rice
69,24,6.7,237,Alluvial,Sugarcane
31,28,6.0,110,Sandy,Groundnut
85,30,6.5,278,Alluvial,Rice
64,27,6.9,217,Loamy,Maize
36,33,6.2,205,Red Soil,Millets
73,30,7.1,273,Clay,Rice
44,32,5.5,164,Red Soil,Millets
83,21,7.0,270,Alluvial,Rice
32,30,6.4,149,Sandy,Groundnut
60,28,6.0,235,Loamy,Maize
24,30,6.2,151,Sandy,Groundnut
54,22,7.8,255,Black Soil,Cotton
62,26,6.6,188,Loamy,Maize
28,27,6.4,137,Sandy,Groundnut
32,30,5.9,100,Sandy,Groundnut
51,27,6.5,214,Loamy,Maize
43,25,5.3,193,Red Soil,Millets
27,31,5.6,115,Sandy,Groundnut
77,30,7.3,240,Clay,Rice
40,28,6.9,249,Loamy,Maize
47,28,7.8,460,Black Soil,Soybean
47,31,7.6,362,Black Soil,Soybean
27,33,5.6,135,Sandy,Groundnut
55,18,7.2,297,Loamy,Wheat
56,25,6.1,347,Alluvial,Sugarcane
62,22,6.5,332,Black Soil,Cotton
50,26,6.1,288,Loamy,Maize
25,34,6.1,141,Sandy,Groundnut
37,33,5.7,196,Red Soil,Millets
58,25,6.9,476,Black Soil,Soybean
75,29,6.4,371,Clay,Rice
44,26,6.7,225,Loamy,Maize
79,20,6.9,306,Clay,Rice
46,32,7.3,258,Black Soil,Cotton
65,29,6.8,375,Alluvial,Sugarcane
45,31,5.8,220,Red Soil,Millets
73,20,6.6,246,Clay,Rice
30,26,6.0,173,Sandy,Groundnut
31,29,6.4,161,Sandy,Groundnut
75,24,7.3,309,Clay,Rice
50,26,6.8,391,Black Soil,Soybean
34,32,6.1,202,Red Soil,Millets
35,29,6.1,180,Sandy,Groundnut
70,21,6.5,333,Alluvial,Rice
75,25,7.0,265,Clay,Rice
44,25,5.2,230,Red Soil,Millets
61,22,6.9,257,Loamy,Wheat
54,24,6.6,269,Loamy,Maize
68,32,6.6,277,Black Soil,Cotton
50,24,6.4,203,Loamy,Maize
22,34,6.2,111,Sandy,Groundnut
61,21,6.1,378,Alluvial,Sugarcane
56,26,7.1,299,Loamy,Maize
65,27,7.1,219,Loamy,Maize
54,25,7.6,361,Black Soil,Soybean
31,27,5.8,132,Sandy,Groundnut
34,26,5.5,142,Sandy,Groundnut
33,33,5.7,240,Red Soil,Millets
51,26,6.5,270,Black Soil,Cotton
38,24,6.0,198,Red Soil,Millets
74,24,6.9,279,Alluvial,Rice
66,22,7.6,282,Black Soil,Cotton
81,21,7.3,314,Clay,Rice
57,19,6.7,325,Alluvial,Sugarcane
27,26,6.3,175,Sandy,Groundnut
75,22,6.1,398,Clay,Rice
56,24,6.3,244,Loamy,Maize
49,27,7.1,356,Black Soil,Soybean
63,28,7.0,447,Black Soil,Soybean
67,29,6.8,392,Alluvial,Sugarcane
28,28,6.5,173,Sandy,Groundnut
20,34,6.4,143,Sandy,Groundnut
27,31,5.9,121,Sandy,Groundnut
64,32,7.1,262,Black Soil,Cotton
78,24,6.6,365,Alluvial,Rice
51,27,6.8,270,Loamy,Maize
37,22,5.2,195,Red Soil,Millets
22,27,5.7,177,Sandy,Groundnut
66,27,6.7,224,Alluvial,Sugarcane
28,26,6.5,174,Sandy,Groundnut
56,19,6.0,235,Loamy,Wheat
38,29,5.1,152,Red Soil,Millets
32,27,6.0,174,Sandy,Groundnut
71,21,7.0,238,Clay,Rice
31,31,5.9,167,Sandy,Groundnut
76,21,6.4,258,Alluvial,Rice
74,25,6.3,339,Clay,Rice
79,27,6.1,248,Alluvial,Rice
70,29,7.3,305,Clay,Rice
67,21,6.6,369,Alluvial,Sugarcane
85,25,6.4,281,Clay,Rice
50,30,6.9,266,Black Soil,Cotton
53,27,7.1,264,Loamy,Maize
65,22,7.0,498,Black Soil,Soybean
30,32,6.4,176,Sandy,Groundnut
57,25,6.7,189,Loamy,Maize
62,18,7.2,201,Loamy,Wheat
24,31,6.4,109,Sandy,Groundnut
74,20,6.9,335,Clay,Rice
57,22,6.9,264,Black Soil,Cotton
47,19,6.8,259,Loamy,Wheat
59,26,6.2,227,Loamy,Maize
40,25,7.0,282,Loamy,Maize
28,29,6.2,144,Sandy,Groundnut
35,27,5.8,251,Red Soil,Millets
80,27,6.3,344,Clay,Rice
28,31,6.3,158,Sandy,Groundnut
33,30,5.8,157,Sandy,Groundnut
34,27,6.0,163,Red Soil,Millets
68,20,6.8,332,Black Soil,Cotton
27,29,6.0,175,Sandy,Groundnut
70,24,6.8,332,Clay,Rice
85,30,6.3,370,Alluvial,Rice
38,31,5.7,159,Red Soil,Millets
77,22,6.8,297,Clay,Rice
44,32,6.0,178,Red Soil,Millets
70,20,6.5,352,Clay,Rice
51,27,6.9,322,Black Soil,Cotton
55,25,6.6,413,Black Soil,Soybean
66,29,6.6,244,Alluvial,Sugarcane
54,29,7.7,327,Black Soil,Cotton
32,34,6.2,106,Sandy,Groundnut
42,20,6.2,280,Loamy,Wheat
34,34,5.1,171,Red Soil,Millets
31,30,5.7,112,Sandy,Groundnut
79,27,7.4,353,Clay,Rice
73,23,6.7,248,Alluvial,Rice
59,28,7.6,441,Black Soil,Soybean
60,20,6.4,217,Loamy,Wheat
23,31,6.0,116,Sandy,Groundnut
34,33,5.1,185,Red Soil,Millets
75,22,7.3,315,Clay,Rice
71,18,6.9,389,Alluvial,Rice
63,32,7.2,295,Black Soil,Cotton
50,20,7.4,448,Black Soil,Soybean
78,23,7.3,399,Clay,Rice
59,31,7.4,328,Black Soil,Cotton
72,24,6.6,300,Alluvial,Rice
68,20,7.1,316,Black Soil,Cotton
75,21,6.5,323,Alluvial,Rice
66,30,6.1,251,Alluvial,Sugarcane
56,27,6.2,271,Alluvial,Sugarcane
35,32,5.7,223,Red Soil,Millets
41,30,5.6,223,Red Soil,Millets
26,30,5.8,135,Sandy,Groundnut
53,31,7.8,418,Black Soil,Soybean
63,20,6.6,190,Loamy,Wheat
56,30,6.8,425,Black Soil,Soybean
75,25,7.1,285,Clay,Rice
27,33,6.2,165,Sandy,Groundnut
85,24,6.7,337,Alluvial,Rice
34,26,5.6,217,Red Soil,Millets
70,26,7.1,453,Black Soil,Soybean
75,28,6.5,322,Clay,Rice
35,30,6.2,175,Sandy,Groundnut
67,20,7.5,385,Black Soil,Soybean
41,22,6.5,273,Loamy,Wheat
74,27,6.5,382,Clay,Rice
47,22,7.8,343,Black Soil,Cotton
23,34,5.6,121,Sandy,Groundnut
40,26,5.7,242,Red Soil,Millets
58,28,6.8,230,Alluvial,Sugarcane
58,19,6.1,185,Loamy,Wheat
40,28,6.4,205,Loamy,Maize
45,33,5.6,233,Red Soil,Millets
41,23,5.6,166,Red Soil,Millets
73,26,6.8,276,Clay,Rice
85,23,6.9,230,Clay,Rice
58,24,7.1,251,Black Soil,Cotton
69,26,7.4,375,Black Soil,Soybean
50,29,6.8,369,Black Soil,Soybean
21,29,6.4,160,Sandy,Groundnut
56,22,6.6,216,Alluvial,Sugarcane
74,20,6.6,376,Clay,Rice
74,26,7.4,395,Clay,Rice
63,18,6.2,269,Loamy,Wheat
60,22,7.7,349,Black Soil,Cotton
65,22,6.7,205,Loamy,Wheat
38,27,5.7,204,Red Soil,Millets
60,25,6.7,359,Alluvial,Sugarcane
65,24,6.4,251,Loamy,Maize
76,20,7.0,267,Clay,Rice
84,21,6.5,357,Clay,Rice
73,28,6.7,243,Clay,Rice
55,30,6.3,266,Alluvial,Sugarcane
44,24,5.4,181,Red Soil,Millets
44,25,7.0,289,Loamy,Maize
32,27,6.2,226,Red Soil,Millets
29,34,5.7,180,Sandy,Groundnut
39,28,5.8,172,Red Soil,Millets
52,22,7.0,316,Black Soil,Cotton
39,22,5.6,221,Red Soil,Millets
49,26,7.0,369,Black Soil,Soybean
76,25,6.1,243,Clay,Rice
29,27,6.4,151,Sandy,Groundnut
80,20,6.6,320,Clay,Rice
27,32,5.9,128,Sandy,Groundnut
78,30,6.6,322,Alluvial,Rice
69,23,7.0,292,Alluvial,Sugarcane
82,24,6.5,261,Clay,Rice
68,20,6.3,302,Alluvial,Sugarcane
33,32,5.9,160,Red Soil,Millets
73,20,6.1,238,Alluvial,Rice
33,24,5.9,243,Red Soil,Millets
79,30,6.4,262,Clay,Rice
23,30,6.3,155,Sandy,Groundnut
56,26,6.6,317,Black Soil,Cotton
79,24,7.0,287,Clay,Rice
60,23,6.2,243,Alluvial,Sugarcane
58,28,7.4,285,Black Soil,Cotton
22,26,5.9,174,Sandy,Groundnut
79,23,7.2,364,Clay,Rice
75,24,6.3,345,Clay,Rice
63,25,6.5,206,Alluvial,Sugarcane
53,28,7.5,467,Black Soil,Soybean
84,30,6.8,249,Clay,Rice
20,29,6.3,143,Sandy,Groundnut
45,29,6.9,419,Black Soil,Soybean
51,28,6.9,217,Loamy,Maize
20,33,6.4,180,Sandy,Groundnut
37,33,5.1,216,Red Soil,Millets
60,18,6.3,276,Alluvial,Sugarcane
75,20,7.3,365,Clay,Rice
67,29,6.8,234,Alluvial,Sugarcane
71,18,6.3,263,Alluvial,Rice
82,26,6.8,224,Alluvial,Rice
73,20,6.4,385,Alluvial,Rice
57,31,6.8,491,Black Soil,Soybean
42,21,6.5,287,Loamy,Wheat
30,31,6.0,154,Red Soil,Millets
31,30,5.5,123,Sandy,Groundnut
47,26,7.0,406,Black Soil,Soybean
52,23,6.1,192,Loamy,Wheat
40,29,5.1,206,Red Soil,Millets
55,27,7.3,389,Black Soil,Soybean
77,18,6.6,320,Alluvial,Rice
80,21,7.5,303,Clay,Rice
47,18,6.7,225,Loamy,Wheat
35,34,6.3,170,Sandy,Groundnut
84,21,6.5,313,Clay,Rice
64,27,6.7,220,Loamy,Maize
53,28,7.1,230,Loamy,Maize
71,26,6.8,321,Alluvial,Rice
70,30,6.6,326,Clay,Rice
30,34,6.3,165,Sandy,Groundnut
77,21,6.8,369,Clay,Rice
53,22,6.9,296,Loamy,Wheat
72,20,6.1,342,Alluvial,Rice
70,30,6.1,220,Clay,Rice
29,26,5.6,172,Sandy,Groundnut
42,22,5.6,229,Red Soil,Millets
30,22,5.6,258,Red Soil,Millets
53,30,7.1,404,Black Soil,Soybean
67,25,7.2,340,Black Soil,Cotton
46,27,6.9,283,Black Soil,Cotton
51,25,6.7,266,Loamy,Maize
65,25,6.9,287,Loamy,Maize
42,21,7.0,300,Loamy,Wheat
50,23,7.1,248,Loamy,Wheat
85,24,6.9,397,Alluvial,Rice
43,25,5.7,224,Red Soil,Millets
53,28,6.3,252,Loamy,Maize
65,25,7.3,290,Black Soil,Cotton
53,24,6.6,246,Loamy,Maize
84,21,6.4,392,Clay,Rice
77,29,7.3,249,Clay,Rice
64,20,6.1,240,Loamy,Wheat
82,25,6.8,274,Clay,Rice
25,29,6.3,135,Sandy,Groundnut
45,32,5.6,167,Red Soil,Millets
35,33,6.0,145,Sandy,Groundnut
34,27,5.7,171,Sandy,Groundnut
49,27,7.4,349,Black Soil,Cotton
31,27,5.5,116,Sandy,Groundnut
44,27,5.2,184,Red Soil,Millets
56,21,6.9,304,Alluvial,Sugarcane
41,32,5.4,185,Red Soil,Millets
47,26,7.1,251,Loamy,Maize
82,20,6.9,273,Clay,Rice
78,26,6.5,278,Alluvial,Rice
79,27,6.2,353,Clay,Rice
50,29,7.7,476,Black Soil,Soybean
35,29,5.5,197,Red Soil,Millets
67,26,6.4,305,Alluvial,Sugarcane
62,26,6.1,290,Loamy,Maize
83,29,6.7,320,Clay,Rice
77,24,6.9,356,Alluvial,Rice
28,26,6.3,120,Sandy,Groundnut
82,30,6.8,332,Clay,Rice
78,30,6.9,377,Alluvial,Rice
33,29,6.3,143,Sandy,Groundnut
64,20,6.7,248,Loamy,Wheat
74,19,6.4,266,Alluvial,Rice
32,34,6.4,153,Sandy,Groundnut
51,20,6.7,244,Loamy,Wheat
32,34,5.8,175,Sandy,Groundnut
60,31,7.5,431,Black Soil,Soybean
61,18,6.8,223,Alluvial,Sugarcane
23,30,5.7,126,Sandy,Groundnut
40,30,5.7,152,Red Soil,Millets
51,26,7.6,288,Black Soil,Cotton
30,34,5.3,199,Red Soil,Millets
75,23,7.2,362,Clay,Rice
26,29,6.0,105,Sandy,Groundnut
20,32,5.6,165,Sandy,Groundnut
84,20,6.3,370,Clay,Rice
73,30,7.5,225,Clay,Rice
46,30,6.8,337,Black Soil,Cotton
31,31,5.9,254,Red Soil,Millets
48,24,6.1,207,Loamy,Maize
58,26,7.0,262,Loamy,Maize
83,25,7.4,236,Clay,Rice
28,31,5.9,177,Sandy,Groundnut
58,29,6.7,305,Alluvial,Sugarcane
78,26,6.2,338,Alluvial,Rice
55,18,7.0,246,Loamy,Wheat
50,28,7.0,331,Black Soil,Cotton
28,34,5.6,112,Sandy,Groundnut
38,31,5.1,155,Red Soil,Millets
69,20,6.2,301,Alluvial,Sugarcane
49,28,7.3,287,Black Soil,Cotton
40,22,5.6,185,Red Soil,Millets
60,23,6.5,285,Alluvial,Sugarcane
77,21,7.2,230,Clay,Rice
57,30,6.7,475,Black Soil,Soybean
59,23,6.9,393,Black Soil,Soybean
33,26,5.6,138,Sandy,Groundnut
46,25,6.2,273,Loamy,Maize
42,23,6.4,300,Loamy,Wheat
84,23,6.7,296,Clay,Rice
79,27,7.3,222,Clay,Rice
27,26,6.1,118,Sandy,Groundnut
26,34,6.4,153,Sandy,Groundnut
42,33,5.5,184,Red Soil,Millets
68,20,7.4,276,Black Soil,Cotton
40,26,5.0,257,Red Soil,Millets
80,24,7.1,322,Clay,Rice
51,24,6.9,274,Black Soil,Cotton
74,20,6.4,393,Clay,Rice
77,30,6.7,284,Alluvial,Rice
47,27,6.7,401,Black Soil,Soybean
25,30,6.3,157,Sandy,Groundnut
35,27,5.9,128,Sandy,Groundnut
55,31,6.9,357,Black Soil,Soybean
62,22,6.5,333,Alluvial,Sugarcane
42,25,6.0,245,Red Soil,Millets
31,29,6.0,152,Sandy,Groundnut
44,24,5.7,242,Red Soil,Millets
36,31,6.1,193,Red Soil,Millets
62,30,6.9,371,Black Soil,Soybean
44,25,5.6,224,Red Soil,Millets
34,34,5.7,137,Sandy,Groundnut
76,30,7.3,229,Clay,Rice
33,29,5.6,170,Sandy,Groundnut
84,21,6.7,242,Alluvial,Rice
68,29,7.4,435,Black Soil,Soybean
69,27,7.1,381,Black Soil,Soybean
77,21,7.0,362,Clay,Rice
53,25,7.5,292,Black Soil,Cotton
29,34,5.8,153,Sandy,Groundnut
54,24,6.5,189,Loamy,Maize
27,30,6.4,127,Sandy,Groundnut
33,30,6.1,152,Red Soil,Millets
60,25,6.1,228,Loamy,Maize
58,27,6.7,256,Black Soil,Cotton
83,22,7.0,325,Alluvial,Rice
79,28,6.0,354,Clay,Rice
64,31,6.8,339,Black Soil,Cotton
31,26,5.7,132,Sandy,Groundnut
45,23,5.6,226,Red Soil,Millets
29,28,6.1,145,Sandy,Groundnut
70,31,6.5,441,Black Soil,Soybean
33,27,6.0,245,Red Soil,Millets
21,31,6.3,122,Sandy,Groundnut
33,31,5.3,259,Red Soil,Millets
80,30,7.3,246,Clay,Rice
31,31,5.9,231,Red Soil,Millets
78,25,7.3,230,Clay,Rice
68,25,7.5,379,Black Soil,Soybean
70,25,6.3,295,Clay,Rice
78,28,6.8,356,Alluvial,Rice
79,25,6.4,350,Clay,Rice
45,34,5.6,167,Red Soil,Millets
58,24,6.4,266,Loamy,Maize
56,21,6.0,293,Alluvial,Sugarcane
65,24,6.9,199,Loamy,Maize
68,26,6.9,485,Black Soil,Soybean
20,30,6.1,146,Sandy,Groundnut
32,27,5.2,258,Red Soil,Millets
73,25,6.4,260,Clay,Rice
76,18,6.2,243,Alluvial,Rice
64,27,6.3,342,Alluvial,Sugarcane
33,28,5.8,161,Sandy,Groundnut
30,28,6.3,129,Sandy,Groundnut
75,22,6.1,393,Clay,Rice
80,19,6.2,238,Alluvial,Rice
49,29,7.3,301,Black Soil,Cotton
48,32,7.2,278,Black Soil,Cotton
33,29,6.2,167,Sandy,Groundnut
35,24,5.6,192,Red Soil,Millets
21,31,6.2,116,Sandy,Groundnut
70,26,6.6,375,Alluvial,Rice
24,27,6.2,138,Sandy,Groundnut
82,27,6.2,296,Clay,Rice
62,18,6.7,228,Alluvial,Sugarcane
84,20,6.0,384,Alluvial,Rice
52,20,6.4,231,Loamy,Wheat
43,25,6.5,250,Loamy,Maize
81,27,7.1,235,Clay,Rice
52,28,7.1,255,Loamy,Maize
23,30,6.1,135,Sandy,Groundnut
82,27,7.3,337,Clay,Rice
31,30,6.4,142,Sandy,Groundnut
44,27,6.1,243,Red Soil,Millets
69,22,7.2,341,Black Soil,Cotton
33,26,6.3,110,Sandy,Groundnut
71,18,6.1,252,Alluvial,Rice
57,18,6.9,208,Loamy,Wheat
48,19,7.1,224,Loamy,Wheat
42,23,5.6,232,Red Soil,Millets
71,25,6.7,275,Alluvial,Rice
61,20,6.5,279,Black Soil,Cotton
64,32,6.9,427,Black Soil,Soybean
59,19,6.5,234,Alluvial,Sugarcane
34,24,5.1,229,Red Soil,Millets
41,22,5.3,172,Red Soil,Millets
68,25,6.8,324,Alluvial,Sugarcane
85,28,6.8,257,Alluvial,Rice
85,27,6.1,290,Clay,Rice
85,21,6.9,391,Clay,Rice
60,29,6.7,259,Alluvial,Sugarcane
76,28,6.2,395,Clay,Rice
31,29,6.2,119,Sandy,Groundnut
62,30,7.0,319,Alluvial,Sugarcane
74,22,6.8,368,Alluvial,Rice
68,28,6.5,381,Black Soil,Soybean
27,31,6.1,172,Sandy,Groundnut
66,27,7.0,358,Alluvial,Sugarcane
59,31,7.5,263,Black Soil,Cotton
40,34,5.9,224,Red Soil,Millets
61,18,6.3,219,Loamy,Wheat
73,22,6.3,330,Alluvial,Rice
32,31,5.5,115,Sandy,Groundnut
31,25,5.1,158,Red Soil,Millets
44,31,5.5,166,Red Soil,Millets
66,26,6.8,254,Alluvial,Sugarcane
48,25,7.0,351,Black Soil,Soybean
67,26,7.2,380,Black Soil,Soybean
42,23,5.7,197,Red Soil,Millets
25,28,6.3,100,Sandy,Groundnut
58,22,6.6,298,Alluvial,Sugarcane
59,29,7.0,284,Black Soil,Cotton
71,26,6.4,344,Clay,Rice
28,30,5.9,171,Sandy,Groundnut
29,26,5.7,143,Sandy,Groundnut
46,27,7.2,414,Black Soil,Soybean
84,26,6.4,231,Clay,Rice
75,22,6.9,276,Alluvial,Rice
83,26,6.7,302,Alluvial,Rice
24,34,6.4,173,Sandy,Groundnut
57,30,7.5,434,Black Soil,Soybean
82,27,6.0,371,Alluvial,Rice
21,33,6.4,132,Sandy,Groundnut
63,28,6.1,254,Alluvial,Sugarcane
67,28,7.4,270,Black Soil,Cotton
51,24,7.5,400,Black Soil,Soybean
38,30,5.1,239,Red Soil,Millets
45,24,7.0,249,Loamy,Maize
34,30,5.8,186,Red Soil,Millets
75,25,6.6,262,Alluvial,Rice
38,31,5.8,193,Red Soil,Millets
83,28,6.7,314,Clay,Rice
80,20,7.4,277,Clay,Rice
62,26,7.1,268,Loamy,Maize
23,30,6.0,180,Sandy,Groundnut
51,23,7.4,443,Black Soil,Soybean
45,25,7.7,357,Black Soil,Soybean
63,25,6.7,474,Black Soil,Soybean
33,31,6.4,146,Sandy,Groundnut
30,33,5.7,122,Sandy,Groundnut
85,21,6.2,208,Alluvial,Rice
31,24,6.1,214,Red Soil,Millets
48,32,6.7,332,Black Soil,Cotton
65,28,6.0,307,Alluvial,Sugarcane
83,25,6.0,324,Clay,Rice
31,24,6.0,203,Red Soil,Millets
71,24,7.0,332,Clay,Rice
71,21,6.4,330,Clay,Rice
80,30,7.3,366,Clay,Rice
42,27,6.0,201,Red Soil,Millets
22,30,6.0,159,Sandy,Groundnut
50,27,6.4,222,Loamy,Maize
23,32,6.2,115,Sandy,Groundnut
76,23,6.7,393,Alluvial,Rice
70,24,7.8,286,Black Soil,Cotton
60,29,7.2,345,Black Soil,Cotton
45,34,5.3,244,Red Soil,Millets
53,29,7.0,302,Black Soil,Cotton
75,29,7.3,350,Clay,Rice
62,23,6.4,375,Alluvial,Sugarcane
47,21,6.8,289,Black Soil,Cotton
52,18,6.8,181,Loamy,Wheat
35,33,5.2,189,Red Soil,Millets
26,26,5.8,101,Sandy,Groundnut
46,27,6.4,239,Loamy,Maize
63,26,7.5,283,Black Soil,Cotton
59,21,6.5,482,Black Soil,Soybean
44,20,7.0,257,Loamy,Wheat
73,22,6.8,262,Alluvial,Rice
45,34,5.4,200,Red Soil,Millets
55,31,7.0,309,Black Soil,Cotton
66,27,7.1,494,Black Soil,Soybean
52,18,6.8,274,Loamy,Wheat
81,20,6.5,301,Alluvial,Rice
38,26,5.9,196,Red Soil,Millets
62,24,6.4,224,Alluvial,Sugarcane
45,32,6.0,213,Red Soil,Millets
57,27,7.6,302,Black Soil,Cotton
66,21,6.8,307,Alluvial,Sugarcane
57,28,6.9,275,Black Soil,Cotton
66,25,7.2,463,Black Soil,Soybean
38,34,5.0,217,Red Soil,Millets
33,31,6.0,194,Red Soil,Millets
34,23,5.6,152,Red Soil,Millets
45,31,5.6,241,Red Soil,Millets
64,27,6.2,288,Alluvial,Sugarcane
41,23,5.9,239,Red Soil,Millets
82,28,6.8,358,Alluvial,Rice
37,28,5.2,184,Red Soil,Millets
59,32,7.7,496,Black Soil,Soybean
60,21,6.2,219,Alluvial,Sugarcane
31,31,6.1,169,Sandy,Groundnut
39,27,5.5,220,Red Soil,Millets
69,23,6.9,361,Alluvial,Sugarcane
23,30,5.7,116,Sandy,Groundnut
30,28,5.6,233,Red Soil,Millets
50,20,7.2,499,Black Soil,Soybean
62,20,6.3,203,Alluvial,Sugarcane
57,28,7.4,412,Black Soil,Soybean
22,31,6.3,162,Sandy,Groundnut
20,30,6.4,147,Sandy,Groundnut
70,25,6.4,347,Alluvial,Sugarcane
59,20,6.6,291,Loamy,Wheat
57,28,6.5,185,Loamy,Maize
59,22,6.6,217,Loamy,Wheat
42,24,6.0,191,Red Soil,Millets
81,26,6.5,337,Alluvial,Rice
31,34,6.1,205,Red Soil,Millets
67,29,6.5,286,Alluvial,Sugarcane
71,23,6.5,300,Clay,Rice
59,22,7.5,394,Black Soil,Soybean
47,23,7.2,262,Loamy,Wheat
26,32,5.7,119,Sandy,Groundnut
48,28,7.0,210,Loamy,Maize
39,25,5.4,207,Red Soil,Millets
38,22,6.0,249,Red Soil,Millets
76,24,6.7,291,Alluvial,Rice
74,24,7.1,222,Clay,Rice
62,25,6.9,281,Black Soil,Cotton
85,20,6.0,318,Alluvial,Rice
21,28,6.3,160,Sandy,Groundnut
30,26,5.7,112,Sandy,Groundnut
62,25,6.5,231,Alluvial,Sugarcane
70,18,6.5,243,Alluvial,Rice
77,25,6.7,256,Alluvial,Rice
34,23,5.7,167,Red Soil,Millets
44,31,5.6,164,Red Soil,Millets
58,22,6.3,188,Loamy,Wheat
68,26,7.4,289,Black Soil,Cotton
80,23,7.0,338,Clay,Rice
32,34,6.0,101,Sandy,Groundnut
45,32,5.2,183,Red Soil,Millets
67,28,7.0,297,Black Soil,Cotton
65,30,7.1,317,Black Soil,Cotton
81,24,6.0,218,Alluvial,Rice
35,28,5.6,153,Sandy,Groundnut
24,30,5.8,143,Sandy,Groundnut
49,26,6.9,340,Black Soil,Cotton
84,30,6.6,369,Clay,Rice
22,28,6.5,152,Sandy,Groundnut
25,33,6.0,179,Sandy,Groundnut
61,28,7.7,486,Black Soil,Soybean
34,33,6.0,138,Sandy,Groundnut
78,22,6.5,271,Clay,Rice
79,18,6.1,216,Alluvial,Rice
62,26,6.7,197,Loamy,Maize
70,29,6.9,298,Clay,Rice
81,30,6.6,362,Clay,Rice
55,28,6.5,254,Alluvial,Sugarcane
35,32,5.6,157,Sandy,Groundnut
55,27,6.7,360,Alluvial,Sugarcane
51,22,6.2,263,Loamy,Wheat
80,24,6.0,364,Clay,Rice
51,22,6.5,278,Loamy,Wheat
81,22,6.9,300,Alluvial,Rice
50,22,7.1,277,Black Soil,Cotton
71,30,7.4,369,Clay,Rice
64,23,6.6,271,Black Soil,Cotton
79,22,7.1,220,Clay,Rice
24,34,5.6,168,Sandy,Groundnut
83,28,6.4,330,Alluvial,Rice
77,22,7.4,308,Clay,Rice
30,24,5.2,232,Red Soil,Millets
43,23,6.1,281,Loamy,Wheat
21,29,5.6,173,Sandy,Groundnut
43,24,7.1,216,Loamy,Maize
81,25,6.2,270,Alluvial,Rice
61,19,6.0,226,Loamy,Wheat
30,34,5.4,188,Red Soil,Millets
34,30,5.8,131,Sandy,Groundnut
50,31,7.3,447,Black Soil,Soybean
26,29,6.4,159,Sandy,Groundnut
59,30,7.5,476,Black Soil,Soybean
65,28,6.9,274,Alluvial,Sugarcane
72,25,6.9,355,Clay,Rice
64,20,7.0,456,Black Soil,Soybean
22,30,6.4,122,Sandy,Groundnut
22,34,6.0,135,Sandy,Groundnut
45,24,5.2,171,Red Soil,Millets
34,34,5.6,108,Sandy,Groundnut
67,26,7.5,492,Black Soil,Soybean
63,18,7.1,225,Loamy,Wheat
41,24,6.7,273,Loamy,Maize
71,28,6.9,311,Alluvial,Rice
41,27,5.8,183,Red Soil,Millets
57,20,6.1,197,Loamy,Wheat
56,22,6.7,385,Black Soil,Soybean
50,27,7.2,468,Black Soil,Soybean
27,33,6.3,114,Sandy,Groundnut
65,21,7.0,196,Loamy,Wheat
44,26,5.8,231,Red Soil,Millets
33,31,5.9,127,Sandy,Groundnut
69,22,6.7,341,Black Soil,Cotton
20,26,6.4,106,Sandy,Groundnut
43,26,6.1,171,Red Soil,Millets
57,26,6.4,244,Alluvial,Sugarcane
77,20,6.2,301,Alluvial,Rice
35,29,6.4,149,Sandy,Groundnut
54,25,7.8,285,Black Soil,Cotton
79,19,6.0,397,Alluvial,Rice
59,27,6.6,320,Black Soil,Cotton
78,27,6.2,304,Alluvial,Rice
21,31,5.9,164,Sandy,Groundnut
43,26,6.0,214,Loamy,Maize
38,34,6.0,246,Red Soil,Millets
31,33,5.9,115,Sandy,Groundnut
82,22,7.1,349,Clay,Rice
32,28,6.0,157,Sandy,Groundnut
80,28,6.6,264,Clay,Rice
30,30,6.1,179,Red Soil,Millets
84,30,6.7,331,Clay,Rice
76,24,6.4,224,Alluvial,Rice
58,20,6.5,247,Loamy,Wheat
42,26,5.2,214,Red Soil,Millets
42,24,6.0,171,Red Soil,Millets
34,29,5.7,179,Red Soil,Millets
46,27,6.3,221,Loamy,Maize
79,23,6.4,369,Clay,Rice
71,21,6.6,271,Clay,Rice
30,22,5.1,212,Red Soil,Millets
85,19,6.9,247,Alluvial,Rice
30,27,5.8,177,Sandy,Groundnut
68,29,7.0,390,Alluvial,Sugarcane
77,21,6.1,333,Alluvial,Rice
26,34,5.9,166,Sandy,Groundnut
74,18,6.4,279,Alluvial,Rice
78,20,6.5,363,Clay,Rice
70,23,6.6,247,Alluvial,Rice
68,23,6.5,222,Alluvial,Sugarcane
70,26,6.7,360,Clay,Rice
52,30,7.7,262,Black Soil,Cotton
80,21,6.8,366,Alluvial,Rice
56,19,7.0,234,Loamy,Wheat
85,24,6.2,292,Clay,Rice
82,27,6.3,279,Clay,Rice
63,25,7.5,294,Black Soil,Cotton
83,26,6.9,352,Alluvial,Rice
56,28,6.2,221,Loamy,Maize
43,29,5.0,203,Red Soil,Millets
33,32,5.9,117,Sandy,Groundnut
35,33,5.7,225,Red Soil,Millets
39,23,5.1,255,Red Soil,Millets
79,23,6.9,244,Clay,Rice
72,23,6.7,362,Clay,Rice
77,29,6.8,370,Alluvial,Rice
39,34,5.3,184,Red Soil,Millets
64,25,7.1,396,Black Soil,Soybean
70,27,6.1,340,Clay,Rice
33,31,6.3,129,Sandy,Groundnut
72,28,6.2,323,Alluvial,Rice
60,29,6.7,341,Alluvial,Sugarcane
72,27,6.3,382,Clay,Rice
79,22,6.1,339,Clay,Rice
50,30,7.4,457,Black Soil,Soybean
69,26,6.3,247,Alluvial,Sugarcane
27,34,6.3,166,Sandy,Groundnut
71,26,6.6,385,Alluvial,Rice
24,27,5.7,146,Sandy,Groundnut
34,28,5.7,218,Red Soil,Millets
41,30,5.6,254,Red Soil,Millets
60,18,6.9,347,Alluvial,Sugarcane
50,20,6.6,381,Black Soil,Soybean
50,20,6.8,195,Loamy,Wheat
35,30,6.2,148,Sandy,Groundnut
29,31,6.2,150,Sandy,Groundnut
70,26,6.3,281,Clay,Rice
85,23,6.5,249,Alluvial,Rice
22,32,5.9,119,Sandy,Groundnut
28,28,6.2,179,Sandy,Groundnut
65,28,7.5,300,Black Soil,Cotton
40,32,5.9,223,Red Soil,Millets
56,25,6.6,244,Loamy,Maize
61,26,6.6,268,Loamy,Maize
84,29,6.1,334,Alluvial,Rice
71,23,6.2,329,Clay,Rice
58,30,6.5,385,Alluvial,Sugarcane
65,28,7.3,389,Black Soil,Soybean
56,20,7.1,413,Black Soil,Soybean
43,28,5.3,188,Red Soil,Millets
73,20,6.0,292,Alluvial,Rice
67,24,6.8,479,Black Soil,Soybean
40,23,5.6,197,Red Soil,Millets
58,26,7.6,314,Black Soil,Cotton
40,31,6.0,223,Red Soil,Millets
70,22,6.4,339,Clay,Rice
58,31,7.7,300,Black Soil,Cotton
57,21,6.4,273,Loamy,Wheat
34,30,6.5,120,Sandy,Groundnut
64,27,6.3,391,Alluvial,Sugarcane
34,26,5.7,132,Sandy,Groundnut
81,22,7.0,242,Clay,Rice
46,19,6.2,222,Loamy,Wheat
61,20,6.8,338,Alluvial,Sugarcane
50,30,7.5,453,Black Soil,Soybean
38,34,6.0,246,Red Soil,Millets
43,27,5.0,160,Red Soil,Millets
56,23,6.9,334,Black Soil,Cotton
51,21,7.6,478,Black Soil,Soybean
81,20,7.3,366,Clay,Rice
73,29,6.1,230,Alluvial,Rice
61,29,6.0,381,Alluvial,Sugarcane
55,20,6.8,232,Loamy,Wheat
24,30,6.3,123,Sandy,Groundnut
80,26,6.8,236,Clay,Rice
30,32,6.0,176,Sandy,Groundnut
85,24,7.4,281,Clay,Rice
85,20,7.0,345,Clay,Rice
49,32,7.5,360,Black Soil,Soybean
41,31,5.5,186,Red Soil,Millets
48,28,6.3,192,Loamy,Maize
65,18,6.0,265,Loamy,Wheat
64,24,6.8,247,Loamy,Maize
76,23,6.4,259,Clay,Rice
50,21,7.2,457,Black Soil,Soybean
45,31,5.3,177,Red Soil,Millets
60,24,7.2,499,Black Soil,Soybean
36,28,5.8,244,Red Soil,Millets
64,21,6.7,181,Loamy,Wheat
62,22,7.3,422,Black Soil,Soybean
25,29,5.6,126,Sandy,Groundnut
26,32,6.1,109,Sandy,Groundnut
20,27,5.9,149,Sandy,Groundnut
85,23,7.0,392,Clay,Rice
28,28,6.3,165,Sandy,Groundnut
78,30,6.2,339,Alluvial,Rice
27,28,6.3,179,Sandy,Groundnut
26,28,6.5,115,Sandy,Groundnut
67,25,7.7,314,Black Soil,Cotton
70,23,6.9,338,Alluvial,Sugarcane
77,23,6.2,251,Alluvial,Rice
30,24,5.2,178,Red Soil,Millets
42,24,6.6,295,Loamy,Maize
30,29,5.6,165,Sandy,Groundnut
35,22,5.6,220,Red Soil,Millets
21,33,5.9,147,Sandy,Groundnut
82,30,6.6,369,Clay,Rice
67,22,6.7,374,Black Soil,Soybean
85,29,7.5,285,Clay,Rice
30,27,6.2,232,Red Soil,Millets
83,28,6.8,240,Clay,Rice
43,20,6.3,264,Loamy,Wheat
20,29,5.6,127,Sandy,Groundnut
55,29,6.3,360,Alluvial,Sugarcane
66,31,7.0,328,Black Soil,Cotton
66,18,6.8,300,Alluvial,Sugarcane
76,20,7.0,248,Clay,Rice
50,31,7.6,273,Black Soil,Cotton
36,23,5.1,212,Red Soil,Millets
72,26,6.4,360,Clay,Rice
62,31,7.8,327,Black Soil,Cotton
59,20,6.9,221,Loamy,Wheat
52,18,6.8,217,Loamy,Wheat
81,20,6.1,240,Alluvial,Rice
74,25,6.5,371,Clay,Rice
23,33,5.7,123,Sandy,Groundnut
74,26,6.7,315,Alluvial,Rice
22,27,6.4,119,Sandy,Groundnut
59,27,6.4,367,Alluvial,Sugarcane
72,21,7.1,382,Clay,Rice
34,34,5.6,249,Red Soil,Millets
73,29,6.1,372,Alluvial,Rice
68,23,7.4,371,Black Soil,Soybean
84,27,6.5,366,Clay,Rice
33,33,5.8,138,Sandy,Groundnut
36,24,6.0,173,Red Soil,Millets
38,25,5.0,167,Red Soil,Millets
58,29,6.0,231,Alluvial,Sugarcane
31,26,5.4,170,Red Soil,Millets
72,27,6.3,298,Alluvial,Rice
31,30,5.7,207,Red Soil,Millets
32,34,6.2,130,Sandy,Groundnut
44,27,5.0,223,Red Soil,Millets
56,30,7.1,379,Black Soil,Soybean
57,26,6.6,315,Alluvial,Sugarcane
30,32,5.6,161,Red Soil,Millets
74,24,6.1,364,Alluvial,Rice
62,24,6.4,260,Loamy,Maize
46,25,6.9,233,Loamy,Maize
81,28,6.9,343,Alluvial,Rice
76,28,6.1,292,Clay,Rice
32,31,5.6,174,Sandy,Groundnut
75,24,6.1,224,Clay,Rice
84,23,6.7,372,Clay,Rice
85,26,6.4,335,Clay,Rice
76,22,6.9,396,Alluvial,Rice
41,33,5.2,216,Red Soil,Millets
39,27,5.1,230,Red Soil,Millets
42,20,7.1,210,Loamy,Wheat
80,25,7.2,384,Clay,Rice
66,19,6.9,382,Alluvial,Sugarcane
43,33,6.1,164,Red Soil,Millets
85,25,6.3,367,Alluvial,Rice
45,23,6.2,283,Loamy,Wheat
30,32,5.5,159,Red Soil,Millets
50,22,7.5,431,Black Soil,Soybean
33,26,6.2,164,Sandy,Groundnut
45,21,7.3,343,Black Soil,Cotton
81,29,6.5,288,Clay,Rice
44,25,6.1,240,Red Soil,Millets
32,30,5.6,223,Red Soil,Millets
55,22,7.1,296,Black Soil,Cotton
63,22,6.6,298,Loamy,Wheat
68,26,6.8,365,Alluvial,Sugarcane
71,28,6.2,268,Clay,Rice
35,32,5.7,162,Sandy,Groundnut
48,24,7.8,266,Black Soil,Cotton
77,25,6.3,395,Alluvial,Rice
39,33,5.2,252,Red Soil,Millets
34,30,5.2,260,Red Soil,Millets
47,25,6.5,274,Loamy,Maize
37,29,5.7,212,Red Soil,Millets
44,28,5.1,208,Red Soil,Millets
34,31,6.4,123,Sandy,Groundnut
30,26,5.6,111,Sandy,Groundnut
27,30,5.7,161,Sandy,Groundnut
33,26,6.0,150,Sandy,Groundnut
82,25,7.5,253,Clay,Rice
31,30,5.0,187,Red Soil,Millets
33,28,5.9,104,Sandy,Groundnut
30,27,6.2,212,Red Soil,Millets
43,32,6.0,250,Red Soil,Millets
41,18,6.3,207,Loamy,Wheat
79,21,6.1,312,Clay,Rice
62,20,7.1,214,Loamy,Wheat
82,19,6.9,377,Alluvial,Rice
68,28,7.4,253,Black Soil,Cotton
59,30,6.5,328,Alluvial,Sugarcane
58,23,6.8,466,Black Soil,Soybean
54,25,6.3,213,Loamy,Maize
63,24,6.9,388,Alluvial,Sugarcane
55,28,6.5,310,Alluvial,Sugarcane
42,27,5.1,188,Red Soil,Millets
79,24,6.1,305,Alluvial,Rice
65,18,6.4,373,Alluvial,Sugarcane
31,31,5.9,134,Sandy,Groundnut
34,23,5.4,221,Red Soil,Millets
70,26,7.1,261,Clay,Rice
60,25,6.7,304,Black Soil,Cotton
82,27,6.9,386,Clay,Rice
66,24,6.7,329,Alluvial,Sugarcane
45,29,7.8,365,Black Soil,Soybean
80,18,6.4,310,Alluvial,Rice
70,28,6.2,352,Alluvial,Rice
23,29,5.9,142,Sandy,Groundnut
49,18,7.1,256,Loamy,Wheat
40,27,7.0,252,Loamy,Maize
35,28,5.3,162,Red Soil,Millets
77,21,6.5,367,Clay,Rice
57,22,6.2,199,Loamy,Wheat
64,26,6.8,221,Loamy,Maize
44,25,5.7,204,Red Soil,Millets
26,32,6.4,118,Sandy,Groundnut
72,22,6.4,362,Alluvial,Rice
54,30,7.5,396,Black Soil,Soybean
53,21,6.5,290,Loamy,Wheat
83,28,6.8,318,Clay,Rice
70,28,7.0,212,Alluvial,Sugarcane
83,23,7.3,241,Clay,Rice
39,26,5.9,217,Red Soil,Millets
58,30,6.8,268,Black Soil,Cotton
45,31,6.9,441,Black Soil,Soybean
60,32,6.6,433,Black Soil,Soybean
24,29,5.6,127,Sandy,Groundnut
35,29,5.3,184,Red Soil,Millets
44,34,5.7,204,Red Soil,Millets
62,30,6.3,324,Alluvial,Sugarcane
43,27,5.5,248,Red Soil,Millets
20,32,6.4,121,Sandy,Groundnut
85,20,6.3,326,Clay,Rice
28,26,6.0,130,Sandy,Groundnut
73,24,6.2,295,Clay,Rice
49,20,7.2,387,Black Soil,Soybean
28,26,5.9,100,Sandy,Groundnut
30,32,5.6,215,Red Soil,Millets
84,24,6.1,341,Alluvial,Rice
84,24,6.7,367,Clay,Rice
55,24,6.2,211,Loamy,Maize
38,24,5.4,164,Red Soil,Millets
55,29,7.6,262,Black Soil,Cotton
54,28,6.6,236,Loamy,Maize
77,22,6.7,394,Alluvial,Rice
43,23,6.2,214,Red Soil,Millets
67,27,7.8,269,Black Soil,Cotton
48,28,7.5,340,Black Soil,Cotton
78,25,6.5,360,Clay,Rice
38,27,5.8,202,Red Soil,Millets
41,25,6.3,183,Loamy,Maize
35,32,5.2,236,Red Soil,Millets
46,32,7.1,259,Black Soil,Cotton
47,24,7.6,381,Black Soil,Soybean
29,32,6.1,160,Sandy,Groundnut
33,28,6.4,104,Sandy,Groundnut
55,27,6.9,288,Loamy,Maize
43,33,6.2,222,Red Soil,Millets
49,22,7.1,489,Black Soil,Soybean
84,27,7.1,286,Clay,Rice
35,30,5.8,115,Sandy,Groundnut
79,25,6.3,320,Clay,Rice
70,25,6.3,315,Alluvial,Rice
83,21,6.5,370,Clay,Rice
83,23,6.6,229,Clay,Rice
44,21,6.1,225,Loamy,Wheat
45,28,6.2,194,Loamy,Maize
32,33,6.5,172,Sandy,Groundnut
21,31,5.6,125,Sandy,Groundnut
30,26,6.4,156,Sandy,Groundnut
22,30,6.5,173,Sandy,Groundnut
48,30,7.7,335,Black Soil,Cotton
63,22,6.8,207,Loamy,Wheat
25,30,6.4,157,Sandy,Groundnut
58,26,7.1,264,Loamy,Maize
25,29,5.6,133,Sandy,Groundnut
33,25,5.8,241,Red Soil,Millets
58,19,6.1,275,Loamy,Wheat
43,30,5.8,153,Red Soil,Millets
84,27,7.4,266,Clay,Rice
82,30,6.2,302,Alluvial,Rice
84,29,7.0,246,Clay,Rice
36,34,5.3,174,Red Soil,Millets
60,29,7.4,304,Black Soil,Cotton
60,29,7.3,270,Black Soil,Cotton
33,25,5.1,183,Red Soil,Millets
45,28,6.7,295,Black Soil,Cotton
77,26,6.2,228,Clay,Rice
73,21,6.2,365,Clay,Rice
78,25,7.4,350,Clay,Rice
41,27,5.2,163,Red Soil,Millets
55,23,7.0,481,Black Soil,Soybean
41,22,6.3,257,Loamy,Wheat
51,32,6.7,428,Black Soil,Soybean
85,22,7.4,247,Clay,Rice
27,33,5.7,157,Sandy,Groundnut
71,25,6.9,202,Alluvial,Rice
72,18,6.6,368,Alluvial,Rice
30,32,6.2,172,Sandy,Groundnut
82,29,6.4,375,Clay,Rice
65,28,6.3,203,Alluvial,Sugarcane
81,19,6.2,376,Alluvial,Rice
38,29,5.3,155,Red Soil,Millets
54,30,6.8,250,Black Soil,Cotton
39,24,6.1,180,Red Soil,Millets
20,32,5.9,143,Sandy,Groundnut
68,29,6.9,267,Black Soil,Cotton
30,22,5.3,255,Red Soil,Millets
64,22,7.3,312,Black Soil,Cotton
60,21,6.9,314,Alluvial,Sugarcane
35,27,5.6,224,Red Soil,Millets
57,20,7.6,359,Black Soil,Soybean
58,19,6.8,257,Loamy,Wheat
46,25,7.7,425,Black Soil,Soybean
77,20,6.1,397,Clay,Rice
62,25,6.9,233,Alluvial,Sugarcane
34,32,5.6,181,Red Soil,Millets
45,29,5.5,166,Red Soil,Millets
28,27,5.7,107,Sandy,Groundnut
60,27,6.3,215,Loamy,Maize
40,18,7.1,285,Loamy,Wheat
38,23,5.4,184,Red Soil,Millets
62,18,6.4,233,Alluvial,Sugarcane
85,23,6.9,221,Alluvial,Rice
62,26,6.9,396,Alluvial,Sugarcane
44,28,6.1,192,Red Soil,Millets
82,27,6.5,360,Alluvial,Rice
81,29,6.6,293,Alluvial,Rice
31,28,6.4,119,Sandy,Groundnut
79,24,6.8,375,Clay,Rice
72,29,6.4,278,Alluvial,Rice
82,26,7.5,259,Clay,Rice
62,26,6.8,285,Alluvial,Sugarcane
61,22,6.4,344,Alluvial,Sugarcane
85,25,6.0,348,Clay,Rice
70,19,6.6,221,Alluvial,Rice
34,27,6.3,127,Sandy,Groundnut
43,34,5.8,177,Red Soil,Millets
71,21,6.9,256,Clay,Rice
59,20,7.1,389,Black Soil,Soybean
28,27,5.9,145,Sandy,Groundnut
36,25,6.0,230,Red Soil,Millets
52,19,6.8,213,Loamy,Wheat
31,25,5.6,201,Red Soil,Millets
23,33,6.5,169,Sandy,Groundnut
49,26,6.4,282,Loamy,Maize
22,29,5.6,121,Sandy,Groundnut
70,25,6.4,311,Alluvial,Sugarcane
65,21,6.2,365,Alluvial,Sugarcane
60,26,6.9,366,Black Soil,Soybean
44,31,5.8,258,Red Soil,Millets
45,29,6.9,487,Black Soil,Soybean
63,29,6.8,333,Alluvial,Sugarcane
41,33,5.8,249,Red Soil,Millets
61,28,6.9,205,Loamy,Maize
30,30,6.1,155,Red Soil,Millets
63,27,6.0,219,Alluvial,Sugarcane
60,24,7.3,415,Black Soil,Soybean
33,30,5.5,157,Red Soil,Millets
52,20,6.6,259,Black Soil,Cotton
28,26,5.9,126,Sandy,Groundnut
45,22,5.8,155,Red Soil,Millets
33,29,5.9,143,Sandy,Groundnut
47,22,6.8,202,Loamy,Wheat
55,21,6.1,285,Loamy,Wheat
45,31,6.2,244,Red Soil,Millets
41,18,6.4,217,Loamy,Wheat
64,21,7.4,303,Black Soil,Cotton
30,34,5.2,251,Red Soil,Millets
78,23,6.7,344,Alluvial,Rice
85,22,6.7,387,Alluvial,Rice
42,21,7.0,288,Loamy,Wheat
41,27,6.8,276,Loamy,Maize
29,32,6.2,160,Sandy,Groundnut
36,23,6.1,242,Red Soil,Millets
70,25,7.2,382,Black Soil,Soybean
30,34,6.1,179,Red Soil,Millets
41,20,6.2,231,Loamy,Wheat
62,23,6.6,366,Black Soil,Soybean
66,29,7.5,364,Black Soil,Soybean
55,24,7.2,240,Loamy,Maize
31,30,6.4,159,Sandy,Groundnut
56,24,7.6,460,Black Soil,Soybean
58,26,7.2,280,Black Soil,Cotton
34,23,5.5,238,Red Soil,Millets
32,30,5.9,192,Red Soil,Millets
34,26,5.5,173,Sandy,Groundnut
59,24,6.6,437,Black Soil,Soybean
73,28,6.2,379,Alluvial,Rice
20,32,5.5,113,Sandy,Groundnut
77,20,6.7,219,Alluvial,Rice
60,23,7.7,383,Black Soil,Soybean
85,23,6.7,331,Alluvial,Rice
37,33,5.8,256,Red Soil,Millets
40,24,6.0,218,Loamy,Maize
79,29,6.3,342,Clay,Rice
20,28,6.2,157,Sandy,Groundnut
79,27,6.8,293,Alluvial,Rice
85,30,7.4,230,Clay,Rice
37,28,5.9,257,Red Soil,Millets
49,19,6.9,182,Loamy,Wheat
35,32,5.7,145,Sandy,Groundnut
70,19,6.7,307,Alluvial,Sugarcane
65,24,7.5,256,Black Soil,Cotton
71,26,6.1,371,Clay,Rice
42,31,6.1,211,Red Soil,Millets
56,27,6.8,209,Loamy,Maize
23,32,6.4,113,Sandy,Groundnut
61,24,6.9,292,Black Soil,Cotton
53,29,7.6,365,Black Soil,Soybean
57,24,6.2,255,Loamy,Maize
53,26,6.8,281,Loamy,Maize
45,27,5.9,203,Red Soil,Millets
80,23,6.5,287,Alluvial,Rice
70,27,7.1,284,Clay,Rice
73,25,7.0,305,Clay,Rice
79,28,7.3,344,Clay,Rice
51,28,7.4,395,Black Soil,Soybean
60,25,6.1,238,Loamy,Maize
61,24,7.0,402,Black Soil,Soybean
62,21,6.8,264,Black Soil,Cotton
33,30,5.7,169,Sandy,Groundnut
74,26,7.3,394,Clay,Rice
23,32,6.4,147,Sandy,Groundnut
22,31,5.5,107,Sandy,Groundnut
70,21,6.6,292,Clay,Rice
38,25,5.5,241,Red Soil,Millets
83,26,6.7,369,Alluvial,Rice
60,28,6.4,262,Alluvial,Sugarcane
63,28,6.5,197,Loamy,Maize
26,29,6.1,142,Sandy,Groundnut
55,26,6.4,233,Loamy,Maize
34,30,5.9,179,Sandy,Groundnut
27,28,6.3,132,Sandy,Groundnut
43,33,5.8,194,Red Soil,Millets
70,21,7.2,387,Clay,Rice
78,28,6.5,224,Clay,Rice
72,26,6.8,282,Clay,Rice
28,27,6.5,125,Sandy,Groundnut
45,20,6.4,185,Loamy,Wheat
32,24,5.6,221,Red Soil,Millets
76,22,6.5,316,Alluvial,Rice
80,28,6.1,206,Alluvial,Rice
60,22,6.5,296,Black Soil,Cotton
70,29,7.4,390,Clay,Rice
34,32,5.3,243,Red Soil,Millets
37,32,5.9,155,Red Soil,Millets
77,19,6.8,383,Alluvial,Rice
23,29,6.4,172,Sandy,Groundnut
31,26,6.4,175,Sandy,Groundnut
83,26,6.1,237,Clay,Rice
47,31,7.4,331,Black Soil,Cotton
31,28,5.5,257,Red Soil,Millets
70,23,6.8,470,Black Soil,Soybean
44,23,6.0,233,Red Soil,Millets
44,27,5.2,162,Red Soil,Millets
56,25,6.2,223,Alluvial,Sugarcane
30,29,6.0,172,Sandy,Groundnut
83,23,6.2,227,Clay,Rice
31,34,5.1,157,Red Soil,Millets
51,27,6.3,228,Loamy,Maize
81,22,6.1,288,Clay,Rice
28,26,5.6,136,Sandy,Groundnut
28,27,5.8,147,Sandy,Groundnut
48,28,6.2,218,Loamy,Maize
55,22,6.6,236,Alluvial,Sugarcane
76,25,6.0,276,Clay,Rice
30,24,5.8,159,Red Soil,Millets
48,24,6.5,356,Black Soil,Soybean
77,23,6.9,333,Alluvial,Rice
24,26,6.3,155,Sandy,Groundnut
83,26,7.1,252,Clay,Rice
61,24,6.8,289,Black Soil,Cotton
85,30,6.7,232,Alluvial,Rice
43,23,7.1,244,Loamy,Wheat
41,29,5.4,249,Red Soil,Millets
69,32,6.7,312,Black Soil,Cotton
48,25,7.7,285,Black Soil,Cotton
70,22,6.1,315,Alluvial,Sugarcane
81,20,6.9,289,Clay,Rice
32,28,6.2,177,Sandy,Groundnut
48,18,6.3,200,Loamy,Wheat
68,23,6.9,346,Black Soil,Cotton
44,26,6.7,207,Loamy,Maize
44,24,6.9,243,Loamy,Maize
20,27,6.3,116,Sandy,Groundnut
64,27,6.1,205,Loamy,Maize
50,25,7.0,298,Loamy,Maize
32,33,5.6,222,Red Soil,Millets
65,30,7.0,296,Black Soil,Cotton
57,18,6.6,211,Loamy,Wheat
76,25,6.3,353,Alluvial,Rice
70,27,6.4,250,Clay,Rice
69,30,6.3,328,Alluvial,Sugarcane
57,20,6.2,360,Alluvial,Sugarcane
26,29,5.6,138,Sandy,Groundnut
64,26,7.2,259,Black Soil,Cotton
25,33,5.9,169,Sandy,Groundnut
58,28,6.2,355,Alluvial,Sugarcane
55,25,7.0,347,Alluvial,Sugarcane
65,20,6.8,461,Black Soil,Soybean
45,27,5.6,207,Red Soil,Millets
28,29,5.8,126,Sandy,Groundnut
31,27,6.1,127,Sandy,Groundnut
55,31,7.7,404,Black Soil,Soybean
52,26,7.5,462,Black Soil,Soybean
51,28,7.6,440,Black Soil,Soybean
66,26,7.4,273,Black Soil,Cotton
58,22,7.1,284,Loamy,Wheat
68,20,6.7,209,Alluvial,Sugarcane
67,29,6.2,383,Alluvial,Sugarcane
33,33,6.4,110,Sandy,Groundnut
51,28,7.4,301,Black Soil,Cotton
38,34,5.4,186,Red Soil,Millets
46,18,6.1,241,Loamy,Wheat
33,26,6.1,158,Sandy,Groundnut
64,32,6.7,345,Black Soil,Cotton
32,30,5.8,197,Red Soil,Millets
81,25,7.5,349,Clay,Rice
57,24,7.5,267,Black Soil,Cotton
23,27,6.0,152,Sandy,Groundnut
56,19,6.8,346,Alluvial,Sugarcane
23,30,5.9,116,Sandy,Groundnut
57,24,6.6,201,Loamy,Maize
43,31,6.0,199,Red Soil,Millets
82,24,7.3,254,Clay,Rice
82,26,6.7,266,Clay,Rice
32,33,6.2,246,Red Soil,Millets
58,20,6.6,295,Alluvial,Sugarcane
31,32,5.3,223,Red Soil,Millets
51,31,7.6,301,Black Soil,Cotton
76,28,7.5,271,Clay,Rice
48,24,7.0,242,Loamy,Maize
76,27,6.2,291,Clay,Rice
50,21,7.0,351,Black Soil,Soybean
62,24,6.1,220,Alluvial,Sugarcane
58,28,6.1,295,Alluvial,Sugarcane
65,32,7.1,335,Black Soil,Cotton
80,26,6.3,400,Alluvial,Rice
52,30,7.4,415,Black Soil,Soybean
81,20,6.3,264,Alluvial,Rice
74,27,6.2,307,Alluvial,Rice
31,30,5.1,217,Red Soil,Millets
40,31,5.5,178,Red Soil,Millets
72,21,6.8,333,Alluvial,Rice
60,30,6.6,348,Black Soil,Cotton
52,26,6.0,210,Loamy,Maize
32,31,5.1,205,Red Soil,Millets
34,26,5.1,221,Red Soil,Millets
33,26,5.5,231,Red Soil,Millets
59,22,6.7,288,Loamy,Wheat
29,26,6.4,153,Sandy,Groundnut
75,22,6.5,380,Clay,Rice
52,26,6.7,298,Loamy,Maize
65,20,6.0,270,Alluvial,Sugarcane
25,31,6.4,166,Sandy,Groundnut
82,28,7.0,364,Clay,Rice
60,24,6.5,377,Alluvial,Sugarcane
35,33,5.8,214,Red Soil,Millets
69,30,6.3,356,Alluvial,Sugarcane
71,21,6.8,235,Alluvial,Rice
85,30,6.6,318,Alluvial,Rice
71,23,6.1,259,Alluvial,Rice
67,29,7.0,261,Black Soil,Cotton
65,27,6.8,184,Loamy,Maize
80,21,6.6,303,Alluvial,Rice
39,32,5.9,187,Red Soil,Millets
40,25,6.3,237,Loamy,Maize
22,27,5.6,143,Sandy,Groundnut
55,20,6.5,282,Alluvial,Sugarcane
36,22,5.7,248,Red Soil,Millets
83,18,6.5,354,Alluvial,Rice
70,28,7.1,263,Black Soil,Cotton
29,26,5.8,121,Sandy,Groundnut
25,32,6.1,143,Sandy,Groundnut
56,19,6.5,187,Loamy,Wheat
70,26,7.5,263,Clay,Rice
41,20,7.1,262,Loamy,Wheat
51,26,6.2,189,Loamy,Maize
30,30,5.2,211,Red Soil,Millets
31,31,6.4,157,Sandy,Groundnut
44,29,5.2,231,Red Soil,Millets
64,26,6.9,294,Black Soil,Cotton
61,22,7.7,273,Black Soil,Cotton
62,24,6.6,372,Black Soil,Soybean
85,25,6.2,220,Clay,Rice
30,33,6.3,136,Sandy,Groundnut
85,23,6.9,396,Clay,Rice
32,32,6.4,177,Sandy,Groundnut
80,21,6.5,388,Alluvial,Rice
59,18,6.9,263,Loamy,Wheat
73,26,7.4,264,Clay,Rice
22,27,6.4,177,Sandy,Groundnut
30,24,5.7,172,Red Soil,Millets
64,25,6.1,286,Alluvial,Sugarcane
80,21,6.2,201,Alluvial,Rice
77,28,6.6,349,Clay,Rice
74,18,6.7,232,Alluvial,Rice
83,22,7.0,229,Clay,Rice
42,34,5.5,208,Red Soil,Millets
59,19,6.4,193,Loamy,Wheat
71,26,7.5,346,Clay,Rice
38,32,5.4,221,Red Soil,Millets
45,27,5.8,217,Red Soil,Millets
74,24,6.2,293,Alluvial,Rice
30,30,6.2,239,Red Soil,Millets
22,31,6.0,118,Sandy,Groundnut
47,28,6.2,290,Loamy,Maize
65,22,7.2,263,Loamy,Wheat
56,30,7.5,368,Black Soil,Soybean
47,29,6.7,311,Black Soil,Cotton
61,22,7.1,299,Loamy,Wheat
64,29,6.6,497,Black Soil,Soybean
73,27,6.0,222,Alluvial,Rice
29,28,5.9,101,Sandy,Groundnut
53,23,7.0,305,Black Soil,Cotton
39,22,5.1,255,Red Soil,Millets
59,27,7.0,195,Loamy,Maize
49,27,6.7,339,Black Soil,Cotton
80,25,7.2,283,Clay,Rice
44,22,5.2,239,Red Soil,Millets
31,30,5.7,203,Red Soil,Millets
59,26,6.5,348,Black Soil,Cotton
54,27,6.7,198,Loamy,Maize
63,30,7.2,367,Black Soil,Soybean
65,26,6.3,220,Loamy,Maize
44,27,5.8,183,Red Soil,Millets
80,24,6.6,280,Clay,Rice
46,24,7.1,244,Loamy,Maize
43,32,6.1,188,Red Soil,Millets
44,33,5.8,164,Red Soil,Millets
60,25,6.5,299,Alluvial,Sugarcane
51,25,6.5,248,Loamy,Maize
49,23,6.4,183,Loamy,Wheat
49,22,6.9,256,Loamy,Wheat
33,34,5.8,165,Red Soil,Millets
62,32,6.6,324,Black Soil,Cotton
24,26,6.2,104,Sandy,Groundnut
55,24,7.0,239,Loamy,Maize
78,25,6.4,372,Alluvial,Rice
59,26,6.7,367,Alluvial,Sugarcane
25,26,6.4,131,Sandy,Groundnut
45,25,7.8,496,Black Soil,Soybean
57,20,7.1,284,Black Soil,Cotton
67,22,7.6,455,Black Soil,Soybean
45,22,7.1,337,Black Soil,Cotton
84,26,6.1,255,Alluvial,Rice
45,26,6.7,187,Loamy,Maize
58,26,6.5,349,Black Soil,Cotton
78,24,6.3,335,Alluvial,Rice
50,18,6.9,297,Loamy,Wheat
33,26,6.4,121,Sandy,Groundnut
77,23,6.5,251,Clay,Rice
61,23,7.0,430,Black Soil,Soybean
54,24,7.1,298,Loamy,Maize
53,22,6.8,196,Loamy,Wheat
85,30,6.3,277,Alluvial,Rice
20,33,5.8,112,Sandy,Groundnut
74,30,6.9,357,Clay,Rice
79,20,6.4,381,Clay,Rice
73,23,7.1,234,Clay,Rice
48,30,7.8,356,Black Soil,Soybean
21,31,6.5,168,Sandy,Groundnut
66,30,7.1,255,Black Soil,Cotton
77,23,6.3,244,Alluvial,Rice
55,24,6.1,211,Alluvial,Sugarcane
21,28,5.9,162,Sandy,Groundnut
41,25,6.9,249,Loamy,Maize
76,26,6.2,335,Clay,Rice
60,18,6.1,256,Alluvial,Sugarcane
44,34,6.0,256,Red Soil,Millets
55,20,6.8,260,Loamy,Wheat
63,18,6.9,299,Alluvial,Sugarcane
34,30,6.1,255,Red Soil,Millets
42,18,6.1,249,Loamy,Wheat
56,18,6.8,218,Alluvial,Sugarcane
51,20,7.1,239,Loamy,Wheat
59,27,6.6,372,Black Soil,Soybean
57,22,6.9,266,Loamy,Wheat
48,20,6.7,261,Loamy,Wheat
79,21,6.1,223,Alluvial,Rice
36,27,6.0,223,Red Soil,Millets
69,29,7.6,377,Black Soil,Soybean
33,22,5.1,237,Red Soil,Millets
60,32,7.8,421,Black Soil,Soybean
63,20,6.5,263,Alluvial,Sugarcane
43,24,5.5,189,Red Soil,Millets
70,20,6.1,373,Alluvial,Sugarcane
43,28,5.2,236,Red Soil,Millets
58,18,6.1,252,Loamy,Wheat
43,21,6.5,246,Loamy,Wheat
59,19,6.5,390,Alluvial,Sugarcane
42,21,6.6,229,Loamy,Wheat
41,34,5.4,175,Red Soil,Millets
34,32,5.1,248,Red Soil,Millets
33,26,5.7,135,Sandy,Groundnut
41,26,5.1,185,Red Soil,Millets
54,27,6.0,247,Loamy,Maize
36,22,5.1,257,Red Soil,Millets
57,22,6.2,269,Alluvial,Sugarcane
25,26,6.4,136,Sandy,Groundnut
34,29,5.8,117,Sandy,Groundnut
49,22,6.3,220,Loamy,Wheat
57,21,6.4,210,Loamy,Wheat
56,21,6.5,234,Alluvial,Sugarcane
61,22,7.7,468,Black Soil,Soybean
79,25,6.8,399,Clay,Rice
65,23,7.5,411,Black Soil,Soybean
45,27,5.3,177,Red Soil,Millets
67,30,7.5,268,Black Soil,Cotton
34,34,5.1,158,Red Soil,Millets
58,20,6.4,273,Loamy,Wheat
69,19,6.3,282,Alluvial,Sugarcane
35,31,5.8,123,Sandy,Groundnut
40,29,5.9,233,Red Soil,Millets
58,23,6.8,371,Alluvial,Sugarcane
55,21,6.7,271,Alluvial,Sugarcane
55,26,7.2,387,Black Soil,Soybean
57,24,6.2,366,Alluvial,Sugarcane
35,32,6.0,132,Sandy,Groundnut
60,22,7.7,370,Black Soil,Soybean
50,22,6.0,231,Loamy,Wheat
34,27,5.4,239,Red Soil,Millets
24,34,6.0,163,Sandy,Groundnut
63,19,6.9,225,Alluvial,Sugarcane
28,27,5.5,159,Sandy,Groundnut
78,23,6.2,276,Clay,Rice
61,21,7.4,368,Black Soil,Soybean
50,20,7.4,437,Black Soil,Soybean
56,23,7.0,237,Loamy,Wheat
72,30,7.0,378,Clay,Rice
50,21,6.0,232,Loamy,Wheat
34,23,5.7,219,Red Soil,Millets
75,21,6.6,221,Clay,Rice
63,20,7.0,481,Black Soil,Soybean
58,29,7.3,490,Black Soil,Soybean
82,21,7.2,318,Clay,Rice
53,31,6.8,258,Black Soil,Cotton
40,25,6.1,170,Red Soil,Millets
35,22,5.3,208,Red Soil,Millets
64,24,7.0,417,Black Soil,Soybean
76,27,7.3,327,Clay,Rice
69,28,6.4,280,Alluvial,Sugarcane
67,25,6.2,348,Alluvial,Sugarcane
60,23,7.0,478,Black Soil,Soybean
79,21,6.9,238,Clay,Rice
32,28,5.7,206,Red Soil,Millets
34,33,6.5,147,Sandy,Groundnut
41,27,5.8,170,Red Soil,Millets
52,26,7.0,330,Black Soil,Cotton
76,29,6.1,227,Alluvial,Rice
82,21,6.1,341,Alluvial,Rice
32,30,6.5,126,Sandy,Groundnut
73,25,6.4,321,Alluvial,Rice
76,21,7.2,299,Clay,Rice
73,27,6.9,296,Alluvial,Rice
31,33,5.8,132,Sandy,Groundnut
31,33,5.7,163,Sandy,Groundnut
24,29,6.3,167,Sandy,Groundnut
34,30,5.8,146,Sandy,Groundnut
71,20,6.4,242,Clay,Rice
24,28,5.5,149,Sandy,Groundnut
27,28,6.0,163,Sandy,Groundnut
22,29,6.2,137,Sandy,Groundnut
78,22,7.2,238,Clay,Rice
51,22,6.1,221,Loamy,Wheat
74,21,6.2,365,Clay,Rice
22,30,6.2,179,Sandy,Groundnut
49,22,6.6,247,Loamy,Wheat
20,31,6.1,136,Sandy,Groundnut
65,23,7.1,264,Black Soil,Cotton
71,25,6.8,389,Clay,Rice
64,29,6.5,225,Alluvial,Sugarcane
77,26,6.4,349,Alluvial,Rice
61,26,7.6,307,Black Soil,Cotton
51,24,7.2,290,Loamy,Maize
53,23,6.7,291,Loamy,Wheat
58,26,7.0,332,Alluvial,Sugarcane
46,26,7.1,229,Loamy,Maize
79,28,7.3,308,Clay,Rice
31,33,6.1,160,Red Soil,Millets
31,27,5.3,201,Red Soil,Millets
22,31,6.4,114,Sandy,Groundnut
61,24,6.8,381,Alluvial,Sugarcane
49,20,7.6,302,Black Soil,Cotton
79,19,6.4,361,Alluvial,Rice
64,21,7.6,254,Black Soil,Cotton
65,25,7.3,262,Black Soil,Cotton
60,20,7.0,384,Alluvial,Sugarcane
38,31,5.6,232,Red Soil,Millets
31,22,5.9,199,Red Soil,Millets
75,23,6.5,361,Alluvial,Rice
73,25,6.0,395,Clay,Rice
56,24,7.6,339,Black Soil,Cotton
41,25,6.9,283,Loamy,Maize
81,26,6.6,331,Alluvial,Rice
78,26,6.6,349,Alluvial,Rice
59,25,6.6,275,Alluvial,Sugarcane
42,34,5.1,211,Red Soil,Millets
34,26,5.9,116,Sandy,Groundnut
32,31,6.2,174,Sandy,Groundnut
43,31,6.1,250,Red Soil,Millets
56,21,7.0,256,Alluvial,Sugarcane
79,21,7.2,222,Clay,Rice
57,20,6.0,267,Loamy,Wheat
23,32,5.7,135,Sandy,Groundnut
33,33,5.2,182,Red Soil,Millets
73,23,6.7,242,Clay,Rice
61,24,6.4,214,Loamy,Maize
79,22,6.6,274,Alluvial,Rice
59,27,6.3,231,Loamy,Maize
30,26,5.4,225,Red Soil,Millets
42,34,5.9,180,Red Soil,Millets
45,26,7.6,380,Black Soil,Soybean
68,27,7.7,301,Black Soil,Cotton
52,25,7.1,297,Loamy,Maize
80,27,6.9,395,Clay,Rice
44,21,7.0,207,Loamy,Wheat
35,34,5.6,160,Sandy,Groundnut
33,26,5.6,184,Red Soil,Millets
40,23,6.0,270,Loamy,Wheat
47,19,6.1,235,Loamy,Wheat
43,27,6.0,210,Red Soil,Millets
41,34,5.8,240,Red Soil,Millets
72,21,6.8,320,Alluvial,Rice
58,18,6.8,273,Loamy,Wheat
23,34,6.5,168,Sandy,Groundnut
55,21,6.4,209,Loamy,Wheat
51,25,7.1,492,Black Soil,Soybean
75,26,7.1,220,Clay,Rice
48,27,6.5,259,Loamy,Maize
28,32,6.5,165,Sandy,Groundnut
64,25,6.2,186,Loamy,Maize
61,27,6.5,262,Loamy,Maize
32,33,5.8,162,Sandy,Groundnut
63,28,7.8,405,Black Soil,Soybean
40,23,5.5,154,Red Soil,Millets
56,21,6.3,250,Loamy,Wheat
57,18,6.7,236,Alluvial,Sugarcane
26,34,6.1,175,Sandy,Groundnut
46,28,6.8,291,Loamy,Maize
25,30,6.5,110,Sandy,Groundnut
57,25,6.6,470,Black Soil,Soybean
75,18,6.6,379,Alluvial,Rice
69,19,6.7,289,Alluvial,Sugarcane
56,29,6.7,246,Alluvial,Sugarcane
71,26,7.4,350,Clay,Rice
84,28,6.0,315,Alluvial,Rice
56,23,6.7,350,Alluvial,Sugarcane
76,28,6.3,314,Clay,Rice
48,24,6.3,252,Loamy,Maize
61,18,6.9,216,Alluvial,Sugarcane
78,20,7.4,335,Clay,Rice
45,32,7.5,498,Black Soil,Soybean
46,19,6.0,268,Loamy,Wheat
24,34,5.6,139,Sandy,Groundnut
40,33,6.2,221,Red Soil,Millets
37,24,6.1,225,Red Soil,Millets
32,34,5.9,157,Sandy,Groundnut
52,19,7.1,191,Loamy,Wheat
48,19,7.1,226,Loamy,Wheat
43,22,5.8,236,Red Soil,Millets
73,28,6.3,279,Alluvial,Rice
54,18,7.1,279,Loamy,Wheat
60,18,6.7,294,Loamy,Wheat
31,31,6.1,147,Sandy,Groundnut
44,26,5.8,184,Red Soil,Millets
54,25,6.1,276,Loamy,Maize
30,34,6.2,113,Sandy,Groundnut
82,24,6.1,280,Clay,Rice
34,32,5.9,201,Red Soil,Millets
47,31,7.5,389,Black Soil,Soybean
79,28,6.5,333,Alluvial,Rice
85,29,6.2,228,Alluvial,Rice
64,19,6.6,306,Alluvial,Sugarcane
37,25,5.7,256,Red Soil,Millets
55,24,6.7,360,Alluvial,Sugarcane
37,23,5.6,246,Red Soil,Millets
39,24,6.2,176,Red Soil,Millets
66,29,7.5,250,Black Soil,Cotton
64,30,7.4,352,Black Soil,Soybean
64,31,7.3,269,Black Soil,Cotton
69,20,6.7,338,Alluvial,Sugarcane
27,31,6.0,106,Sandy,Groundnut
85,22,6.8,368,Clay,Rice
79,21,7.0,349,Clay,Rice
65,27,6.5,445,Black Soil,Soybean
58,28,6.6,280,Loamy,Maize
24,33,6.0,177,Sandy,Groundnut
33,33,5.6,164,Sandy,Groundnut
24,27,5.6,112,Sandy,Groundnut
46,32,7.3,322,Black Soil,Cotton
55,19,6.9,215,Loamy,Wheat
41,28,6.1,246,Loamy,Maize
55,28,7.7,405,Black Soil,Soybean
85,23,6.6,355,Clay,Rice
59,23,6.7,375,Alluvial,Sugarcane
56,20,6.6,213,Alluvial,Sugarcane
43,32,5.7,171,Red Soil,Millets
41,33,6.0,220,Red Soil,Millets
79,23,6.6,331,Clay,Rice
81,22,6.2,398,Clay,Rice
30,30,6.1,166,Red Soil,Millets
68,20,6.6,255,Black Soil,Cotton
48,26,7.7,294,Black Soil,Cotton
27,33,6.1,105,Sandy,Groundnut
77,22,6.1,341,Alluvial,Rice
30,26,6.5,176,Sandy,Groundnut
47,27,6.7,251,Black Soil,Cotton
46,25,7.7,278,Black Soil,Cotton
63,27,7.7,283,Black Soil,Cotton
85,23,6.8,267,Clay,Rice
59,24,7.0,230,Loamy,Maize
54,27,6.5,254,Black Soil,Cotton
50,23,7.6,308,Black Soil,Cotton
47,27,6.9,193,Loamy,Maize
38,27,5.2,214,Red Soil,Millets
30,29,6.2,106,Sandy,Groundnut
73,26,6.7,310,Alluvial,Rice
23,29,6.0,169,Sandy,Groundnut
32,29,6.2,100,Sandy,Groundnut
79,20,6.9,349,Clay,Rice
33,25,6.1,223,Red Soil,Millets
31,25,6.2,181,Red Soil,Millets
49,32,7.2,423,Black Soil,Soybean
23,28,5.9,104,Sandy,Groundnut
30,29,6.0,154,Red Soil,Millets
73,23,7.1,345,Clay,Rice
56,27,6.1,270,Loamy,Maize
42,20,7.1,186,Loamy,Wheat
53,19,7.1,244,Loamy,Wheat
82,23,6.0,291,Alluvial,Rice
57,23,6.9,327,Black Soil,Cotton
22,33,5.7,147,Sandy,Groundnut
48,28,6.5,297,Loamy,Maize
32,31,5.8,206,Red Soil,Millets
32,31,5.3,197,Red Soil,Millets
64,22,7.0,313,Black Soil,Cotton
62,29,6.9,289,Alluvial,Sugarcane
67,29,6.1,238,Alluvial,Sugarcane
70,20,6.6,231,Alluvial,Sugarcane
54,19,6.8,241,Loamy,Wheat
51,28,6.6,432,Black Soil,Soybean
72,28,6.1,367,Alluvial,Rice
46,24,7.1,410,Black Soil,Soybean
82,20,6.6,398,Alluvial,Rice
31,25,5.4,196,Red Soil,Millets
35,24,5.9,231,Red Soil,Millets
34,28,5.6,164,Sandy,Groundnut
32,30,6.2,127,Sandy,Groundnut
56,30,7.3,301,Black Soil,Cotton
73,28,6.8,279,Clay,Rice
51,26,6.9,294,Loamy,Maize
60,31,6.6,348,Black Soil,Cotton
83,19,6.0,334,Alluvial,Rice
52,22,6.6,314,Black Soil,Cotton
44,19,7.1,289,Loamy,Wheat
27,33,6.1,139,Sandy,Groundnut
65,25,7.6,473,Black Soil,Soybean
31,32,5.9,160,Red Soil,Millets
70,24,7.0,334,Clay,Rice
22,29,5.6,141,Sandy,Groundnut
42,23,5.8,179,Red Soil,Millets
70,28,6.8,448,Black Soil,Soybean
57,20,6.9,340,Alluvial,Sugarcane
20,26,5.5,177,Sandy,Groundnut
77,20,6.6,211,Alluvial,Rice
22,33,5.8,116,Sandy,Groundnut
51,18,6.7,273,Loamy,Wheat
74,19,6.3,322,Alluvial,Rice
40,27,6.4,283,Loamy,Maize
28,27,6.4,133,Sandy,Groundnut
27,31,6.2,178,Sandy,Groundnut
74,23,6.1,230,Clay,Rice
27,31,6.4,100,Sandy,Groundnut
54,24,6.8,270,Loamy,Maize
20,33,5.6,124,Sandy,Groundnut
47,28,7.8,300,Black Soil,Cotton
20,26,6.4,115,Sandy,Groundnut
20,34,6.1,175,Sandy,Groundnut
40,29,5.4,174,Red Soil,Millets
72,25,6.4,384,Alluvial,Rice
32,28,5.9,256,Red Soil,Millets
31,27,6.5,170,Sandy,Groundnut
39,31,5.6,194,Red Soil,Millets
57,22,7.5,256,Black Soil,Cotton
37,27,6.1,172,Red Soil,Millets
81,30,7.1,275,Clay,Rice
67,23,7.6,259,Black Soil,Cotton
45,22,6.7,265,Loamy,Wheat
61,28,6.9,225,Loamy,Maize
72,21,6.9,256,Clay,Rice
73,29,7.3,235,Clay,Rice
65,24,6.2,254,Loamy,Maize
49,20,6.1,280,Loamy,Wheat
55,20,6.3,186,Loamy,Wheat
81,25,6.7,392,Alluvial,Rice
20,33,6.4,155,Sandy,Groundnut
44,25,6.6,291,Loamy,Maize
51,23,7.3,263,Black Soil,Cotton
33,30,6.5,172,Sandy,Groundnut
49,26,6.8,308,Black Soil,Cotton
45,28,6.6,253,Loamy,Maize
54,26,6.7,237,Loamy,Maize
63,22,6.8,299,Loamy,Wheat
35,27,6.4,180,Sandy,Groundnut
76,21,7.3,313,Clay,Rice
40,20,6.2,195,Loamy,Wheat
50,19,6.0,221,Loamy,Wheat
20,34,5.8,166,Sandy,Groundnut
68,28,6.8,388,Alluvial,Sugarcane
25,31,6.0,156,Sandy,Groundnut
29,32,6.2,176,Sandy,Groundnut
47,26,7.4,299,Black Soil,Cotton
31,28,5.1,210,Red Soil,Millets
62,24,6.5,276,Alluvial,Sugarcane
62,29,7.6,334,Black Soil,Cotton
62,21,6.1,215,Loamy,Wheat
70,26,6.3,388,Alluvial,Sugarcane
26,34,6.3,107,Sandy,Groundnut
74,21,7.0,225,Clay,Rice
35,27,5.4,174,Red Soil,Millets
37,32,5.2,197,Red Soil,Millets
62,27,7.7,274,Black Soil,Cotton
75,24,6.6,398,Clay,Rice
35,32,5.6,175,Red Soil,Millets
37,22,5.2,197,Red Soil,Millets
66,19,6.0,294,Alluvial,Sugarcane
75,29,6.1,246,Clay,Rice
61,29,6.6,303,Black Soil,Cotton
73,30,7.0,323,Alluvial,Rice
58,23,6.7,234,Loamy,Wheat
28,34,6.4,115,Sandy,Groundnut
23,31,6.5,105,Sandy,Groundnut
57,24,7.0,312,Black Soil,Cotton
38,26,6.2,247,Red Soil,Millets
51,32,6.8,254,Black Soil,Cotton
52,32,6.6,496,Black Soil,Soybean
84,30,6.0,229,Clay,Rice
84,28,7.0,315,Clay,Rice
76,24,7.0,239,Clay,Rice
48,23,7.7,328,Black Soil,Cotton
45,28,6.8,266,Black Soil,Cotton
23,28,5.8,130,Sandy,Groundnut
66,25,6.5,349,Black Soil,Cotton
35,30,6.0,188,Red Soil,Millets
21,26,6.1,146,Sandy,Groundnut
79,26,6.9,336,Alluvial,Rice
63,22,6.9,246,Alluvial,Sugarcane
46,32,7.8,336,Black Soil,Cotton
81,29,6.9,337,Clay,Rice
54,23,7.1,226,Loamy,Wheat
54,19,6.8,240,Loamy,Wheat
78,29,6.9,281,Clay,Rice
65,23,6.6,497,Black Soil,Soybean
60,20,6.9,228,Alluvial,Sugarcane
73,25,6.3,203,Alluvial,Rice
56,25,6.5,373,Black Soil,Soybean
80,26,6.4,282,Clay,Rice
56,21,6.2,253,Alluvial,Sugarcane
43,23,5.8,231,Red Soil,Millets
77,24,6.6,375,Alluvial,Rice
71,28,6.9,398,Alluvial,Rice
70,19,6.2,350,Alluvial,Sugarcane
66,29,6.4,376,Alluvial,Sugarcane
60,26,6.6,273,Loamy,Maize
49,30,7.7,485,Black Soil,Soybean
30,29,5.6,177,Sandy,Groundnut
31,23,6.0,223,Red Soil,Millets
55,23,6.1,283,Loamy,Wheat
48,22,6.1,207,Loamy,Wheat
45,31,7.1,319,Black Soil,Cotton
39,32,5.0,165,Red Soil,Millets
22,33,5.6,136,Sandy,Groundnut
68,22,6.9,324,Alluvial,Sugarcane
29,34,6.3,131,Sandy,Groundnut
74,23,6.0,283,Alluvial,Rice
55,25,7.6,440,Black Soil,Soybean
74,25,6.3,330,Clay,Rice
77,22,6.9,314,Alluvial,Rice
71,28,7.1,355,Clay,Rice
79,29,6.0,365,Clay,Rice
31,29,6.1,164,Sandy,Groundnut
65,24,6.2,225,Alluvial,Sugarcane
57,25,7.4,486,Black Soil,Soybean
82,23,6.9,375,Clay,Rice
76,25,6.9,349,Alluvial,Rice
21,29,5.8,105,Sandy,Groundnut
23,27,5.9,122,Sandy,Groundnut
47,23,6.9,270,Loamy,Wheat
37,32,5.2,245,Red Soil,Millets
65,23,6.6,449,Black Soil,Soybean
56,29,7.4,347,Black Soil,Cotton
29,28,5.7,142,Sandy,Groundnut
21,26,6.3,146,Sandy,Groundnut
20,31,6.2,172,Sandy,Groundnut
70,20,6.9,330,Clay,Rice
47,22,6.2,183,Loamy,Wheat
85,24,6.6,287,Alluvial,Rice
57,32,6.8,324,Black Soil,Cotton
54,19,6.3,222,Loamy,Wheat
42,34,5.5,174,Red Soil,Millets
70,24,6.6,380,Alluvial,Rice
36,33,5.7,225,Red Soil,Millets
76,22,7.2,336,Clay,Rice
63,19,6.1,218,Loamy,Wheat
34,31,5.2,247,Red Soil,Millets
73,24,7.1,343,Clay,Rice
71,23,6.7,384,Alluvial,Rice
39,27,5.5,175,Red Soil,Millets
30,29,5.5,120,Sandy,Groundnut
41,24,5.4,239,Red Soil,Millets
39,25,5.9,186,Red Soil,Millets
81,20,6.8,376,Clay,Rice
85,28,6.4,239,Clay,Rice
28,31,6.4,101,Sandy,Groundnut
62,26,6.7,376,Black Soil,Soybean
36,25,6.1,211,Red Soil,Millets
22,27,6.3,146,Sandy,Groundnut
59,23,6.7,336,Black Soil,Cotton
31,29,5.6,141,Sandy,Groundnut
57,25,7.8,427,Black Soil,Soybean
24,33,6.2,117,Sandy,Groundnut
43,26,5.8,235,Red Soil,Millets
44,18,6.7,249,Loamy,Wheat
43,28,5.7,219,Red Soil,Millets
40,32,5.3,210,Red Soil,Millets
69,30,6.5,326,Black Soil,Cotton
56,31,6.5,470,Black Soil,Soybean
37,27,5.6,165,Red Soil,Millets
70,20,6.3,345,Alluvial,Sugarcane
84,22,7.4,360,Clay,Rice
58,29,7.2,364,Black Soil,Soybean
37,29,6.0,205,Red Soil,Millets
40,28,6.6,212,Loamy,Maize
35,27,5.2,168,Red Soil,Millets
31,29,5.9,252,Red Soil,Millets
45,26,5.2,216,Red Soil,Millets
84,23,6.0,295,Clay,Rice
31,31,5.5,143,Sandy,Groundnut
56,18,7.1,198,Loamy,Wheat
45,33,5.3,183,Red Soil,Millets
50,21,6.8,394,Black Soil,Soybean
84,21,6.8,286,Clay,Rice
67,30,6.7,388,Alluvial,Sugarcane
71,28,7.2,225,Clay,Rice
53,23,7.2,296,Loamy,Wheat
73,29,7.3,287,Clay,Rice
83,23,6.5,290,Alluvial,Rice
70,22,6.5,306,Clay,Rice
61,23,6.5,185,Loamy,Wheat
67,20,6.1,251,Alluvial,Sugarcane
20,30,5.9,154,Sandy,Groundnut
24,33,6.0,134,Sandy,Groundnut
44,27,6.0,193,Loamy,Maize
74,22,7.1,337,Clay,Rice
57,23,6.7,297,Loamy,Wheat
61,23,6.2,371,Alluvial,Sugarcane
71,23,6.6,332,Clay,Rice
31,27,5.4,195,Red Soil,Millets
79,29,6.2,263,Clay,Rice
74,29,7.3,222,Clay,Rice
65,29,6.5,495,Black Soil,Soybean
61,27,7.2,279,Black Soil,Cotton
28,29,5.8,119,Sandy,Groundnut
34,22,5.7,244,Red Soil,Millets
61,22,7.0,314,Black Soil,Cotton
83,30,7.4,301,Clay,Rice
77,22,6.4,395,Alluvial,Rice
78,21,6.7,286,Clay,Rice
54,20,6.8,206,Loamy,Wheat
41,25,5.9,253,Red Soil,Millets
49,25,6.8,198,Loamy,Maize
79,25,7.5,316,Clay,Rice
34,26,6.2,166,Sandy,Groundnut
70,21,7.3,297,Clay,Rice
77,23,6.2,349,Alluvial,Rice
45,31,7.5,331,Black Soil,Cotton
34,28,5.4,152,Red Soil,Millets
49,18,6.4,262,Loamy,Wheat
63,30,6.5,225,Alluvial,Sugarcane
64,26,6.9,269,Black Soil,Cotton
57,19,7.0,254,Loamy,Wheat
67,27,6.3,257,Alluvial,Sugarcane
67,28,6.0,219,Alluvial,Sugarcane
63,28,6.4,340,Alluvial,Sugarcane
28,33,5.7,174,Sandy,Groundnut
55,18,6.6,218,Loamy,Wheat
59,21,7.0,378,Alluvial,Sugarcane
34,33,6.2,136,Sandy,Groundnut
68,22,6.7,344,Black Soil,Cotton
70,30,7.0,294,Clay,Rice
70,27,6.8,285,Clay,Rice
76,25,6.4,379,Alluvial,Rice
55,25,7.1,318,Black Soil,Cotton
68,25,7.1,323,Black Soil,Cotton
83,30,6.6,238,Clay,Rice
38,24,5.4,186,Red Soil,Millets
40,24,5.1,198,Red Soil,Millets
40,28,5.1,157,Red Soil,Millets
47,22,7.0,198,Loamy,Wheat
75,22,6.2,389,Alluvial,Rice
57,26,6.0,273,Loamy,Maize
20,28,6.4,117,Sandy,Groundnut
61,28,7.2,192,Loamy,Maize
42,25,6.8,250,Loamy,Maize
51,31,6.9,275,Black Soil,Cotton
59,27,7.7,473,Black Soil,Soybean
25,31,5.8,164,Sandy,Groundnut
80,29,7.2,397,Clay,Rice
55,19,6.5,393,Alluvial,Sugarcane
81,30,6.1,262,Alluvial,Rice
53,23,6.7,192,Loamy,Wheat
52,23,6.4,239,Loamy,Wheat
53,25,6.2,207,Loamy,Maize
65,22,6.1,252,Alluvial,Sugarcane
45,23,7.1,344,Black Soil,Cotton
77,29,6.4,242,Alluvial,Rice
85,20,6.3,246,Clay,Rice
30,34,5.7,100,Sandy,Groundnut
25,26,6.1,177,Sandy,Groundnut
34,30,6.0,178,Sandy,Groundnut
22,34,6.0,152,Sandy,Groundnut
75,28,6.5,358,Clay,Rice
54,26,7.6,491,Black Soil,Soybean
27,31,6.3,148,Sandy,Groundnut
65,18,6.5,230,Loamy,Wheat
81,19,6.5,214,Alluvial,Rice
48,20,7.2,494,Black Soil,Soybean
42,28,5.8,151,Red Soil,Millets
48,31,7.2,349,Black Soil,Cotton
20,34,5.9,178,Sandy,Groundnut
49,24,7.1,185,Loamy,Maize
69,22,7.6,350,Black Soil,Cotton
25,32,5.8,147,Sandy,Groundnut
49,22,6.7,320,Black Soil,Cotton
60,27,7.2,453,Black Soil,Soybean
55,24,6.7,352,Alluvial,Sugarcane
62,27,7.4,354,Black Soil,Soybean
26,33,5.6,142,Sandy,Groundnut
79,25,6.8,294,Clay,Rice
33,26,6.4,179,Sandy,Groundnut
21,33,5.6,105,Sandy,Groundnut
28,28,6.4,101,Sandy,Groundnut
76,29,6.2,376,Alluvial,Rice
43,30,6.2,227,Red Soil,Millets
37,30,5.3,207,Red Soil,Millets
55,24,7.4,396,Black Soil,Soybean
20,27,6.5,164,Sandy,Groundnut
42,32,5.3,227,Red Soil,Millets
32,33,5.9,140,Sandy,Groundnut
21,28,6.4,159,Sandy,Groundnut
37,22,5.5,157,Red Soil,Millets
45,25,6.0,184,Red Soil,Millets
58,27,7.1,495,Black Soil,Soybean
22,28,5.7,135,Sandy,Groundnut
28,34,6.1,104,Sandy,Groundnut
71,24,7.0,337,Clay,Rice
41,28,6.0,205,Red Soil,Millets
44,21,6.2,223,Loamy,Wheat
59,23,6.6,404,Black Soil,Soybean
42,24,5.4,225,Red Soil,Millets
85,30,6.7,364,Clay,Rice
30,32,5.8,132,Sandy,Groundnut
70,21,6.6,348,Black Soil,Cotton
83,26,6.6,323,Clay,Rice
67,23,7.8,334,Black Soil,Cotton
50,20,7.2,256,Black Soil,Cotton
20,31,6.1,148,Sandy,Groundnut
35,31,5.0,169,Red Soil,Millets
44,27,6.8,290,Loamy,Maize
57,25,7.2,189,Loamy,Maize
54,20,6.2,204,Loamy,Wheat
64,18,7.0,215,Alluvial,Sugarcane
58,21,6.9,269,Black Soil,Cotton
55,25,6.1,188,Loamy,Maize
44,23,6.1,217,Red Soil,Millets
30,33,5.9,203,Red Soil,Millets
65,29,7.6,399,Black Soil,Soybean
32,28,6.1,123,Sandy,Groundnut
31,24,5.7,225,Red Soil,Millets
43,23,6.1,229,Red Soil,Millets
52,24,6.9,382,Black Soil,Soybean
56,21,6.6,464,Black Soil,Soybean
54,27,6.6,341,Black Soil,Cotton
83,30,7.1,364,Clay,Rice
25,30,5.7,158,Sandy,Groundnut
59,20,6.7,256,Black Soil,Cotton
58,32,7.7,295,Black Soil,Cotton
33,30,5.9,252,Red Soil,Millets
68,22,6.9,217,Alluvial,Sugarcane
30,29,5.5,226,Red Soil,Millets
49,18,6.1,192,Loamy,Wheat
62,18,6.5,183,Loamy,Wheat
65,20,6.2,183,Loamy,Wheat
49,27,6.3,201,Loamy,Maize
63,23,6.9,250,Black Soil,Cotton
43,27,6.1,252,Red Soil,Millets
79,25,6.6,207,Alluvial,Rice
28,30,5.9,134,Sandy,Groundnut
56,23,6.8,281,Black Soil,Cotton
37,22,6.0,166,Red Soil,Millets
64,22,6.4,279,Alluvial,Sugarcane
32,31,5.9,140,Sandy,Groundnut
40,25,6.6,264,Loamy,Maize
68,25,6.4,328,Alluvial,Sugarcane
42,34,6.2,163,Red Soil,Millets
25,27,6.4,157,Sandy,Groundnut
61,28,6.9,310,Alluvial,Sugarcane
82,21,7.3,371,Clay,Rice
31,31,5.7,126,Sandy,Groundnut
73,20,6.2,276,Clay,Rice
33,31,5.6,146,Sandy,Groundnut
34,29,5.8,209,Red Soil,Millets
46,27,6.9,292,Loamy,Maize
58,25,6.8,233,Alluvial,Sugarcane
54,23,6.9,298,Black Soil,Cotton
21,29,6.3,106,Sandy,Groundnut
26,29,6.5,157,Sandy,Groundnut
85,25,6.2,373,Clay,Rice
55,24,6.8,240,Loamy,Maize
79,22,6.7,211,Alluvial,Rice
79,27,6.9,367,Clay,Rice
48,26,6.1,222,Loamy,Maize
28,28,6.3,125,Sandy,Groundnut
73,20,6.7,267,Clay,Rice
51,20,6.9,469,Black Soil,Soybean
21,26,6.5,167,Sandy,Groundnut
45,28,5.7,214,Red Soil,Millets
85,26,7.3,267,Clay,Rice
27,27,5.9,180,Sandy,Groundnut
68,31,7.1,302,Black Soil,Cotton
62,23,7.2,386,Black Soil,Soybean
43,30,5.1,258,Red Soil,Millets
59,19,6.3,261,Loamy,Wheat
34,28,6.0,141,Sandy,Groundnut
57,26,6.7,270,Alluvial,Sugarcane
62,31,6.5,250,Black Soil,Cotton
75,23,6.8,392,Clay,Rice
46,20,7.3,373,Black Soil,Soybean
60,19,6.5,369,Alluvial,Sugarcane
79,22,6.8,253,Clay,Rice
24,31,6.1,166,Sandy,Groundnut
75,27,7.0,319,Clay,Rice
59,26,6.9,310,Alluvial,Sugarcane
76,27,7.0,313,Clay,Rice
21,32,6.1,131,Sandy,Groundnut
59,23,7.3,389,Black Soil,Soybean
73,23,7.0,257,Clay,Rice
70,29,7.5,342,Black Soil,Cotton
31,27,5.6,103,Sandy,Groundnut
64,31,7.0,354,Black Soil,Soybean
85,29,6.3,397,Alluvial,Rice
69,27,6.4,344,Alluvial,Sugarcane
81,28,6.3,269,Clay,Rice
55,23,7.8,459,Black Soil,Soybean
60,29,6.9,444,Black Soil,Soybean
20,33,5.6,176,Sandy,Groundnut
70,20,6.0,282,Alluvial,Rice
44,22,5.1,194,Red Soil,Millets
32,23,5.9,191,Red Soil,Millets
69,32,7.5,341,Black Soil,Cotton
28,32,5.9,144,Sandy,Groundnut
66,27,7.6,438,Black Soil,Soybean
62,32,6.9,453,Black Soil,Soybean
31,31,5.5,103,Sandy,Groundnut
49,21,7.4,296,Black Soil,Cotton
28,31,6.5,177,Sandy,Groundnut
49,28,6.7,250,Loamy,Maize
36,31,5.3,235,Red Soil,Millets
44,29,6.1,152,Red Soil,Millets
47,29,7.4,482,Black Soil,Soybean
60,28,6.7,321,Alluvial,Sugarcane
55,28,6.6,294,Loamy,Maize
23,30,5.6,118,Sandy,Groundnut
46,21,6.9,183,Loamy,Wheat
57,24,6.7,298,Alluvial,Sugarcane
36,34,6.2,244,Red Soil,Millets
45,29,7.3,350,Black Soil,Cotton
23,32,5.8,173,Sandy,Groundnut
83,30,6.5,202,Alluvial,Rice
70,26,7.0,348,Clay,Rice
75,28,7.0,236,Alluvial,Rice
80,29,7.0,264,Clay,Rice
67,31,7.4,264,Black Soil,Cotton
29,32,5.8,108,Sandy,Groundnut
30,30,5.5,116,Sandy,Groundnut
72,20,7.1,274,Clay,Rice
30,33,6.0,132,Sandy,Groundnut
59,25,6.2,200,Loamy,Maize
58,21,7.2,322,Black Soil,Cotton
59,20,7.0,343,Black Soil,Cotton
44,25,6.2,227,Loamy,Maize
79,20,6.1,233,Clay,Rice
66,28,7.1,438,Black Soil,Soybean
79,30,7.2,259,Clay,Rice
81,28,6.8,375,Clay,Rice
41,22,5.2,245,Red Soil,Millets
41,26,5.7,193,Red Soil,Millets
75,20,6.9,398,Clay,Rice
31,29,6.0,148,Sandy,Groundnut
50,31,7.5,254,Black Soil,Cotton
57,26,7.5,439,Black Soil,Soybean
34,32,6.2,154,Sandy,Groundnut
40,22,7.0,217,Loamy,Wheat
73,30,7.5,233,Clay,Rice
52,32,7.5,309,Black Soil,Cotton
29,32,6.4,176,Sandy,Groundnut
71,27,6.7,363,Clay,Rice
72,27,6.6,377,Clay,Rice
49,27,7.7,417,Black Soil,Soybean
65,22,7.1,269,Black Soil,Cotton
58,32,7.2,488,Black Soil,Soybean
51,28,6.4,281,Loamy,Maize
42,25,5.1,166,Red Soil,Millets
41,28,6.1,289,Loamy,Maize
33,27,5.1,156,Red Soil,Millets
73,22,6.7,310,Clay,Rice
70,31,6.8,488,Black Soil,Soybean
22,29,5.7,171,Sandy,Groundnut
35,28,6.3,171,Sandy,Groundnut
71,30,6.8,345,Alluvial,Rice
32,30,5.7,101,Sandy,Groundnut
76,18,6.1,231,Alluvial,Rice
81,28,7.4,233,Clay,Rice
57,21,6.4,252,Loamy,Wheat
66,31,7.3,349,Black Soil,Cotton
79,28,6.4,330,Clay,Rice
21,26,5.6,168,Sandy,Groundnut
74,25,6.6,201,Alluvial,Rice
73,27,7.3,237,Clay,Rice
66,25,6.8,350,Alluvial,Sugarcane
50,18,7.1,291,Loamy,Wheat
30,22,5.3,182,Red Soil,Millets
42,26,5.5,194,Red Soil,Millets
62,20,6.9,290,Loamy,Wheat
83,23,6.7,229,Clay,Rice
43,31,6.1,219,Red Soil,Millets
35,29,6.4,141,Sandy,Groundnut
42,24,5.3,196,Red Soil,Millets
32,27,5.6,121,Sandy,Groundnut
37,30,6.1,230,Red Soil,Millets
83,28,6.1,204,Alluvial,Rice
23,33,6.0,180,Sandy,Groundnut
79,26,6.1,204,Alluvial,Rice
65,26,7.1,334,Black Soil,Cotton
61,31,7.4,410,Black Soil,Soybean
50,22,6.7,247,Loamy,Wheat
33,33,5.2,174,Red Soil,Millets
29,28,6.2,109,Sandy,Groundnut
63,19,7.1,197,Loamy,Wheat
53,31,7.5,281,Black Soil,Cotton
53,22,7.4,385,Black Soil,Soybean
30,33,5.7,177,Sandy,Groundnut
78,26,6.7,264,Clay,Rice
71,29,6.7,362,Alluvial,Rice
79,24,7.4,362,Clay,Rice
41,22,6.2,253,Loamy,Wheat
46,19,6.4,259,Loamy,Wheat
60,22,6.7,253,Loamy,Wheat
33,32,6.4,106,Sandy,Groundnut
60,24,6.8,393,Black Soil,Soybean
70,27,7.4,440,Black Soil,Soybean
60,18,6.1,214,Alluvial,Sugarcane
69,31,7.2,255,Black Soil,Cotton
52,29,7.2,365,Black Soil,Soybean
58,23,7.6,473,Black Soil,Soybean
47,20,6.2,283,Loamy,Wheat
64,27,7.5,357,Black Soil,Soybean
25,29,6.4,105,Sandy,Groundnut
58,24,7.5,342,Black Soil,Cotton
39,32,5.6,208,Red Soil,Millets
40,23,5.8,181,Red Soil,Millets
74,19,6.6,208,Alluvial,Rice
47,28,6.5,198,Loamy,Maize
59,22,7.2,409,Black Soil,Soybean
34,26,6.2,127,Sandy,Groundnut
52,24,6.4,271,Loamy,Maize
33,24,5.3,189,Red Soil,Millets
42,32,5.3,199,Red Soil,Millets
71,22,6.1,261,Clay,Rice
81,26,7.0,317,Clay,Rice
33,28,5.6,184,Red Soil,Millets
81,28,7.4,382,Clay,Rice
22,33,6.1,162,Sandy,Groundnut
47,29,7.7,279,Black Soil,Cotton
37,29,5.1,224,Red Soil,Millets
46,20,6.2,210,Loamy,Wheat
83,25,6.1,284,Alluvial,Rice
61,25,6.0,348,Alluvial,Sugarcane
34,28,6.0,175,Sandy,Groundnut
75,27,6.2,346,Alluvial,Rice
21,29,5.7,180,Sandy,Groundnut
83,27,6.9,324,Clay,Rice
43,24,5.5,199,Red Soil,Millets
25,32,5.9,153,Sandy,Groundnut
22,27,6.5,149,Sandy,Groundnut
26,27,5.5,143,Sandy,Groundnut
73,23,7.2,323,Clay,Rice
50,21,6.8,286,Black Soil,Cotton
77,20,7.0,379,Clay,Rice
60,28,6.7,321,Black Soil,Cotton
83,26,6.6,298,Clay,Rice
34,27,5.1,256,Red Soil,Millets
36,25,5.5,208,Red Soil,Millets
78,22,6.4,359,Clay,Rice
44,25,5.2,219,Red Soil,Millets
72,20,6.9,250,Alluvial,Rice
29,33,6.2,146,Sandy,Groundnut
61,22,6.2,278,Alluvial,Sugarcane
65,20,6.9,195,Loamy,Wheat
34,27,5.6,162,Red Soil,Millets
85,30,6.8,276,Alluvial,Rice
81,21,7.2,261,Clay,Rice
72,25,6.1,213,Alluvial,Rice
72,24,6.6,393,Clay,Rice
49,25,6.5,492,Black Soil,Soybean
72,30,7.3,325,Clay,Rice
70,20,6.9,369,Clay,Rice
72,30,6.4,257,Clay,Rice
31,22,5.9,157,Red Soil,Millets
66,24,6.8,268,Black Soil,Cotton
45,25,5.7,176,Red Soil,Millets
47,29,7.1,367,Black Soil,Soybean
31,28,6.2,152,Sandy,Groundnut
43,19,6.2,276,Loamy,Wheat
64,20,6.5,190,Loamy,Wheat
38,22,6.0,201,Red Soil,Millets
82,19,6.6,365,Alluvial,Rice
60,29,6.2,214,Alluvial,Sugarcane
31,27,5.5,170,Sandy,Groundnut
28,26,6.2,118,Sandy,Groundnut
45,20,7.5,258,Black Soil,Cotton
73,24,6.3,325,Clay,Rice
27,27,6.4,148,Sandy,Groundnut
45,27,6.1,161,Red Soil,Millets
38,25,5.7,239,Red Soil,Millets
64,28,7.0,228,Loamy,Maize
57,19,7.1,231,Loamy,Wheat
65,27,7.5,383,Black Soil,Soybean
55,30,7.8,435,Black Soil,Soybean
45,26,6.9,218,Loamy,Maize
31,32,5.9,233,Red Soil,Millets
32,26,5.5,130,Sandy,Groundnut
20,33,6.1,156,Sandy,Groundnut
52,25,6.2,276,Loamy,Maize
79,25,6.1,393,Alluvial,Rice
34,32,5.6,100,Sandy,Groundnut
51,23,6.6,359,Black Soil,Soybean
80,28,6.7,342,Clay,Rice
27,27,6.0,103,Sandy,Groundnut
43,26,6.1,291,Loamy,Maize
66,32,7.5,303,Black Soil,Cotton
27,27,6.4,125,Sandy,Groundnut
40,25,6.0,235,Red Soil,Millets
68,21,6.8,455,Black Soil,Soybean
75,22,6.0,304,Alluvial,Rice
40,34,6.1,225,Red Soil,Millets
40,29,6.1,179,Red Soil,Millets
55,22,6.0,365,Alluvial,Sugarcane
72,22,6.2,371,Clay,Rice
44,28,6.0,196,Red Soil,Millets
39,26,5.3,193,Red Soil,Millets
43,30,6.1,219,Red Soil,Millets
47,25,6.6,314,Black Soil,Cotton
55,26,6.6,326,Alluvial,Sugarcane
21,34,5.6,141,Sandy,Groundnut
21,28,6.4,150,Sandy,Groundnut
50,26,7.3,277,Black Soil,Cotton
54,27,7.4,388,Black Soil,Soybean
84,27,6.6,326,Clay,Rice
42,29,6.1,182,Red Soil,Millets
84,29,6.8,366,Alluvial,Rice
60,20,6.4,341,Alluvial,Sugarcane
37,26,6.0,177,Red Soil,Millets
79,28,6.8,230,Clay,Rice
55,27,6.9,381,Alluvial,Sugarcane
58,26,6.8,282,Black Soil,Cotton
85,26,7.4,332,Clay,Rice
51,21,7.5,442,Black Soil,Soybean
77,28,6.8,345,Alluvial,Rice
66,21,7.0,268,Black Soil,Cotton
40,29,5.2,205,Red Soil,Millets
79,26,7.4,310,Clay,Rice
28,28,5.9,180,Sandy,Groundnut
70,30,6.5,305,Clay,Rice
82,28,6.1,279,Clay,Rice
46,27,6.6,456,Black Soil,Soybean
79,22,6.7,334,Clay,Rice
31,31,6.3,144,Sandy,Groundnut
68,26,6.5,205,Alluvial,Sugarcane
55,19,6.2,308,Alluvial,Sugarcane
38,27,5.3,186,Red Soil,Millets
49,24,6.9,211,Loamy,Maize
71,26,6.9,263,Alluvial,Rice
83,29,6.4,382,Alluvial,Rice
53,31,6.8,446,Black Soil,Soybean
64,19,6.3,211,Loamy,Wheat
40,26,6.4,230,Loamy,Maize
30,22,6.1,164,Red Soil,Millets
81,26,7.1,237,Clay,Rice
60,30,6.0,219,Alluvial,Sugarcane
44,33,5.9,254,Red Soil,Millets
54,32,7.3,319,Black Soil,Cotton
60,25,6.9,378,Alluvial,Sugarcane
21,31,5.5,174,Sandy,Groundnut
45,25,7.0,218,Loamy,Maize
63,27,6.9,214,Alluvial,Sugarcane
79,23,6.0,225,Clay,Rice
68,24,6.6,303,Black Soil,Cotton
22,34,5.9,128,Sandy,Groundnut
56,21,7.5,369,Black Soil,Soybean
58,29,6.9,330,Black Soil,Cotton
65,28,6.3,238,Loamy,Maize
77,25,6.5,329,Clay,Rice
45,22,7.1,210,Loamy,Wheat
56,19,6.5,180,Loamy,Wheat
27,33,5.8,141,Sandy,Groundnut
75,30,6.5,384,Alluvial,Rice
40,26,6.3,185,Loamy,Maize
70,22,6.1,300,Clay,Rice
43,31,6.0,191,Red Soil,Millets
36,34,5.3,204,Red Soil,Millets
58,25,6.7,398,Alluvial,Sugarcane
80,22,6.7,233,Clay,Rice
71,29,6.1,276,Clay,Rice
34,27,5.7,146,Sandy,Groundnut
70,25,7.6,477,Black Soil,Soybean
35,30,5.6,138,Sandy,Groundnut
75,21,7.4,339,Clay,Rice
43,21,6.4,228,Loamy,Wheat
53,21,7.6,276,Black Soil,Cotton
37,28,6.0,167,Red Soil,Millets
62,27,7.0,376,Black Soil,Soybean
40,25,5.1,182,Red Soil,Millets
81,21,6.2,381,Alluvial,Rice
35,31,6.1,169,Sandy,Groundnut
67,31,7.2,415,Black Soil,Soybean
56,21,7.1,326,Black Soil,Cotton
40,21,7.0,288,Loamy,Wheat
76,21,6.8,272,Alluvial,Rice
83,18,6.8,331,Alluvial,Rice
39,28,6.1,214,Red Soil,Millets
41,19,6.3,278,Loamy,Wheat
60,26,6.5,278,Loamy,Maize
35,26,5.9,221,Red Soil,Millets
61,22,6.3,287,Loamy,Wheat
79,28,6.4,286,Clay,Rice
44,20,6.2,240,Loamy,Wheat
83,25,7.4,264,Clay,Rice
75,27,7.0,304,Clay,Rice
58,18,6.8,271,Alluvial,Sugarcane
79,28,7.3,248,Clay,Rice
34,23,5.3,222,Red Soil,Millets
58,23,7.2,290,Black Soil,Cotton
44,28,6.2,227,Loamy,Maize
78,30,6.2,259,Clay,Rice
59,22,7.0,417,Black Soil,Soybean
76,18,6.9,374,Alluvial,Rice
31,25,5.0,246,Red Soil,Millets
72,20,6.8,229,Clay,Rice
37,28,5.5,196,Red Soil,Millets
42,26,6.1,233,Loamy,Maize
77,22,6.9,346,Clay,Rice
80,29,6.4,299,Clay,Rice
57,19,6.6,196,Loamy,Wheat
85,25,6.7,253,Clay,Rice
73,30,6.7,359,Clay,Rice
59,19,6.3,236,Loamy,Wheat
84,22,6.5,306,Clay,Rice
30,30,5.1,196,Red Soil,Millets
77,24,7.5,315,Clay,Rice
40,26,7.2,238,Loamy,Maize
44,23,6.4,186,Loamy,Wheat
42,19,6.6,241,Loamy,Wheat
41,22,5.3,185,Red Soil,Millets
43,34,5.7,242,Red Soil,Millets
52,22,7.3,347,Black Soil,Cotton
72,23,6.6,371,Clay,Rice
61,20,6.4,305,Alluvial,Sugarcane
84,26,6.1,265,Clay,Rice
72,21,7.1,316,Clay,Rice
78,20,6.1,340,Alluvial,Rice
58,25,6.0,282,Alluvial,Sugarcane
32,28,5.8,218,Red Soil,Millets
61,22,6.7,393,Alluvial,Sugarcane
75,26,7.1,369,Clay,Rice
33,31,6.1,159,Sandy,Groundnut
65,27,6.6,366,Black Soil,Soybean
27,32,6.1,171,Sandy,Groundnut
60,21,6.2,345,Alluvial,Sugarcane
38,29,5.4,239,Red Soil,Millets
78,28,6.5,263,Clay,Rice
82,23,6.5,248,Clay,Rice
72,23,7.4,387,Clay,Rice
54,32,7.8,430,Black Soil,Soybean
46,25,6.1,280,Loamy,Maize
25,28,6.2,114,Sandy,Groundnut
60,24,6.7,181,Loamy,Maize
67,31,7.7,349,Black Soil,Cotton
85,24,6.4,338,Alluvial,Rice
61,18,6.5,305,Alluvial,Sugarcane
56,28,6.7,435,Black Soil,Soybean
80,26,6.1,263,Alluvial,Rice
71,21,7.0,364,Alluvial,Rice
34,33,6.1,193,Red Soil,Millets
33,32,5.6,179,Sandy,Groundnut
56,26,6.7,200,Loamy,Maize
49,20,6.9,262,Black Soil,Cotton
23,32,6.2,107,Sandy,Groundnut
58,26,7.2,413,Black Soil,Soybean
59,20,7.3,270,Black Soil,Cotton
33,30,6.4,121,Sandy,Groundnut
56,27,6.8,193,Loamy,Maize
79,30,7.5,383,Clay,Rice
71,27,6.7,292,Clay,Rice
61,31,6.7,296,Black Soil,Cotton
38,34,5.1,252,Red Soil,Millets
25,28,5.9,154,Sandy,Groundnut
77,21,6.6,372,Alluvial,Rice
62,21,7.5,435,Black Soil,Soybean
65,20,7.7,470,Black Soil,Soybean
32,32,6.4,153,Sandy,Groundnut
83,30,6.8,347,Clay,Rice
40,22,5.0,166,Red Soil,Millets
38,28,5.1,223,Red Soil,Millets
53,25,7.0,293,Loamy,Maize
55,19,6.5,227,Loamy,Wheat
30,32,6.0,135,Sandy,Groundnut
35,23,5.8,221,Red Soil,Millets
55,22,6.7,372,Alluvial,Sugarcane
30,26,5.4,151,Red Soil,Millets
45,34,5.9,250,Red Soil,Millets
50,25,6.5,213,Loamy,Maize
67,21,6.9,359,Alluvial,Sugarcane
30,26,6.0,190,Red Soil,Millets
71,25,6.9,374,Clay,Rice
41,27,6.1,155,Red Soil,Millets
75,26,7.1,311,Clay,Rice
23,29,5.8,106,Sandy,Groundnut
32,30,6.4,133,Sandy,Groundnut
79,22,6.7,345,Alluvial,Rice
42,24,5.9,199,Red Soil,Millets
57,28,7.7,463,Black Soil,Soybean
57,24,7.3,285,Black Soil,Cotton
85,29,6.2,353,Clay,Rice
41,32,5.6,208,Red Soil,Millets
46,25,6.5,181,Loamy,Maize
20,30,6.2,167,Sandy,Groundnut
61,23,6.1,205,Loamy,Wheat
22,34,5.6,170,Sandy,Groundnut
36,31,5.5,231,Red Soil,Millets
84,23,7.5,261,Clay,Rice
46,20,7.5,425,Black Soil,Soybean
42,20,6.1,250,Loamy,Wheat
43,28,5.1,217,Red Soil,Millets
75,27,6.2,330,Clay,Rice
44,31,5.4,211,Red Soil,Millets
58,26,6.7,415,Black Soil,Soybean
38,26,6.1,192,Red Soil,Millets
30,30,5.5,228,Red Soil,Millets
66,29,6.8,491,Black Soil,Soybean
65,24,7.7,495,Black Soil,Soybean
61,27,6.3,341,Alluvial,Sugarcane
42,34,5.8,222,Red Soil,Millets
42,21,6.9,287,Loamy,Wheat
58,26,6.8,233,Alluvial,Sugarcane
55,24,6.0,220,Loamy,Maize
78,25,6.4,306,Clay,Rice
80,24,6.3,273,Alluvial,Rice
23,26,6.5,133,Sandy,Groundnut
52,20,6.9,260,Loamy,Wheat
45,31,5.9,239,Red Soil,Millets
25,30,5.9,178,Sandy,Groundnut
71,25,6.0,273,Alluvial,Rice
59,19,6.3,289,Alluvial,Sugarcane
44,27,5.1,233,Red Soil,Millets
38,28,5.0,260,Red Soil,Millets
41,27,5.9,151,Red Soil,Millets
75,28,6.2,360,Clay,Rice
45,25,7.2,279,Loamy,Maize
57,21,6.0,275,Loamy,Wheat
64,21,7.1,217,Loamy,Wheat
61,19,6.6,238,Alluvial,Sugarcane
59,20,7.2,487,Black Soil,Soybean
31,26,5.9,181,Red Soil,Millets
84,25,6.2,272,Clay,Rice
51,28,6.7,233,Loamy,Maize
83,22,6.3,265,Alluvial,Rice
32,33,5.9,124,Sandy,Groundnut
77,20,7.2,375,Clay,Rice
73,25,6.4,392,Clay,Rice
65,20,7.8,368,Black Soil,Soybean
77,23,6.9,320,Clay,Rice
47,28,7.1,274,Loamy,Maize
49,22,6.4,292,Loamy,Wheat
83,24,7.2,392,Clay,Rice
82,18,6.5,203,Alluvial,Rice
76,24,6.1,400,Alluvial,Rice
46,28,7.6,255,Black Soil,Cotton
62,24,6.6,222,Alluvial,Sugarcane
29,27,6.1,123,Sandy,Groundnut
